ISO-10303-21;
HEADER;
/* Generated by software containing ST-Developer
 * from STEP Tools, Inc. (www.steptools.com) 
 */
/* OPTION: using custom renumber hook */

FILE_DESCRIPTION(
/* description */ ('STEP AP242 Edition 2',
'CAx-IF Rec.Pracs.---Representation and Presentation of Product Manufa
cturing Information (PMI)---4.0---2014-10-13',
'CAx-IF Rec.Pracs.---3D Tessellated Geometry---0.4---2014-09-14','2;1',
'CAx-IF Rec.Pracs.---User Defined Attributes---1.5---2016-08-15'),
/* implementation_level */ '2;1');

FILE_NAME(
/* name */ '6a060e74102ab7958e329144',
/* time_stamp */ '2026-05-14T18:03:34Z',
/* author */ (''),
/* organization */ (''),
/* preprocessor_version */ 'ST-DEVELOPER v20',
/* originating_system */ 'ONSHAPE BY PTC INC, 1.214',
/* authorisation */ '  ');

FILE_SCHEMA (('AP242_MANAGED_MODEL_BASED_3D_ENGINEERING_MIM_LF { 1 0 10303 442 3 1 4 }'));
ENDSEC;

DATA;
#10=B_SPLINE_CURVE_WITH_KNOTS('',3,(#2490,#2491,#2492,#2493),
 .UNSPECIFIED.,.F.,.F.,(4,4),(0.,0.003),.UNSPECIFIED.);
#11=B_SPLINE_CURVE_WITH_KNOTS('',3,(#2499,#2500,#2501,#2502),
 .UNSPECIFIED.,.F.,.F.,(4,4),(0.,0.003),.UNSPECIFIED.);
#12=CONTEXT_DEPENDENT_SHAPE_REPRESENTATION(#24,#2550);
#13=CONTEXT_DEPENDENT_SHAPE_REPRESENTATION(#25,#2552);
#14=CONTEXT_DEPENDENT_SHAPE_REPRESENTATION(#26,#2554);
#15=CONTEXT_DEPENDENT_SHAPE_REPRESENTATION(#27,#2556);
#16=CONTEXT_DEPENDENT_SHAPE_REPRESENTATION(#28,#2558);
#17=CONTEXT_DEPENDENT_SHAPE_REPRESENTATION(#29,#2560);
#18=NEXT_ASSEMBLY_USAGE_OCCURRENCE('NAUO1','Part 6','Part 6',#2561,#2562,
'');
#19=NEXT_ASSEMBLY_USAGE_OCCURRENCE('NAUO2','Part 3','Part 3',#2561,#2563,
'');
#20=NEXT_ASSEMBLY_USAGE_OCCURRENCE('NAUO3','Part 4','Part 4',#2561,#2564,
'');
#21=NEXT_ASSEMBLY_USAGE_OCCURRENCE('NAUO4','Part 2','Part 2',#2561,#2565,
'');
#22=NEXT_ASSEMBLY_USAGE_OCCURRENCE('NAUO5','Part 5','Part 5',#2561,#2566,
'');
#23=NEXT_ASSEMBLY_USAGE_OCCURRENCE('NAUO6','Part 1','Part 1',#2561,#2567,
'');
#24=(
REPRESENTATION_RELATIONSHIP(' ',' ',#1580,#1579)
REPRESENTATION_RELATIONSHIP_WITH_TRANSFORMATION(#30)
SHAPE_REPRESENTATION_RELATIONSHIP()
);
#25=(
REPRESENTATION_RELATIONSHIP(' ',' ',#1581,#1579)
REPRESENTATION_RELATIONSHIP_WITH_TRANSFORMATION(#31)
SHAPE_REPRESENTATION_RELATIONSHIP()
);
#26=(
REPRESENTATION_RELATIONSHIP(' ',' ',#1582,#1579)
REPRESENTATION_RELATIONSHIP_WITH_TRANSFORMATION(#32)
SHAPE_REPRESENTATION_RELATIONSHIP()
);
#27=(
REPRESENTATION_RELATIONSHIP(' ',' ',#1583,#1579)
REPRESENTATION_RELATIONSHIP_WITH_TRANSFORMATION(#33)
SHAPE_REPRESENTATION_RELATIONSHIP()
);
#28=(
REPRESENTATION_RELATIONSHIP(' ',' ',#1584,#1579)
REPRESENTATION_RELATIONSHIP_WITH_TRANSFORMATION(#34)
SHAPE_REPRESENTATION_RELATIONSHIP()
);
#29=(
REPRESENTATION_RELATIONSHIP(' ',' ',#1585,#1579)
REPRESENTATION_RELATIONSHIP_WITH_TRANSFORMATION(#35)
SHAPE_REPRESENTATION_RELATIONSHIP()
);
#30=ITEM_DEFINED_TRANSFORMATION(' ',' ',#1586,#1597);
#31=ITEM_DEFINED_TRANSFORMATION(' ',' ',#1586,#1622);
#32=ITEM_DEFINED_TRANSFORMATION(' ',' ',#1586,#1637);
#33=ITEM_DEFINED_TRANSFORMATION(' ',' ',#1586,#1652);
#34=ITEM_DEFINED_TRANSFORMATION(' ',' ',#1586,#1680);
#35=ITEM_DEFINED_TRANSFORMATION(' ',' ',#1586,#1698);
#36=SHAPE_REPRESENTATION_RELATIONSHIP('','',#1580,#42);
#37=SHAPE_REPRESENTATION_RELATIONSHIP('','',#1581,#43);
#38=SHAPE_REPRESENTATION_RELATIONSHIP('','',#1582,#44);
#39=SHAPE_REPRESENTATION_RELATIONSHIP('','',#1583,#45);
#40=SHAPE_REPRESENTATION_RELATIONSHIP('','',#1584,#46);
#41=SHAPE_REPRESENTATION_RELATIONSHIP('','',#1585,#47);
#42=ADVANCED_BREP_SHAPE_REPRESENTATION('',(#1566),#2532);
#43=ADVANCED_BREP_SHAPE_REPRESENTATION('',(#1567),#2533);
#44=ADVANCED_BREP_SHAPE_REPRESENTATION('',(#1568),#2534);
#45=ADVANCED_BREP_SHAPE_REPRESENTATION('',(#1569),#2535);
#46=ADVANCED_BREP_SHAPE_REPRESENTATION('',(#1570),#2536);
#47=ADVANCED_BREP_SHAPE_REPRESENTATION('',(#1571),#2537);
#48=CYLINDRICAL_SURFACE('',#1594,0.001);
#49=CYLINDRICAL_SURFACE('',#1638,0.01);
#50=CYLINDRICAL_SURFACE('',#1644,0.005);
#51=CYLINDRICAL_SURFACE('',#1663,0.104);
#52=CYLINDRICAL_SURFACE('',#1665,0.0999999999999972);
#53=CYLINDRICAL_SURFACE('',#1675,0.005);
#54=CYLINDRICAL_SURFACE('',#1676,0.0025);
#55=CYLINDRICAL_SURFACE('',#1681,0.08);
#56=CYLINDRICAL_SURFACE('',#1684,0.1);
#57=CYLINDRICAL_SURFACE('',#1690,0.015);
#58=CYLINDRICAL_SURFACE('',#1697,0.01);
#59=CIRCLE('',#1592,0.001);
#60=CIRCLE('',#1595,0.001);
#61=CIRCLE('',#1639,0.01);
#62=CIRCLE('',#1640,0.01);
#63=CIRCLE('',#1643,0.005);
#64=CIRCLE('',#1645,0.005);
#65=CIRCLE('',#1656,0.0999999999999972);
#66=CIRCLE('',#1662,0.104);
#67=CIRCLE('',#1664,0.104);
#68=CIRCLE('',#1666,0.0999999999999972);
#69=CIRCLE('',#1670,0.0025);
#70=CIRCLE('',#1671,0.005);
#71=CIRCLE('',#1673,0.0025);
#72=CIRCLE('',#1674,0.005);
#73=CIRCLE('',#1682,0.08);
#74=CIRCLE('',#1683,0.08);
#75=CIRCLE('',#1685,0.1);
#76=CIRCLE('',#1686,0.1);
#77=CIRCLE('',#1691,0.015);
#78=CIRCLE('',#1692,0.015);
#79=CIRCLE('',#1694,0.01);
#80=CIRCLE('',#1696,0.01);
#81=ORIENTED_EDGE('',*,*,#477,.T.);
#82=ORIENTED_EDGE('',*,*,#478,.F.);
#83=ORIENTED_EDGE('',*,*,#479,.F.);
#84=ORIENTED_EDGE('',*,*,#480,.T.);
#85=ORIENTED_EDGE('',*,*,#481,.F.);
#86=ORIENTED_EDGE('',*,*,#480,.F.);
#87=ORIENTED_EDGE('',*,*,#482,.T.);
#88=ORIENTED_EDGE('',*,*,#483,.T.);
#89=ORIENTED_EDGE('',*,*,#484,.F.);
#90=ORIENTED_EDGE('',*,*,#483,.F.);
#91=ORIENTED_EDGE('',*,*,#485,.T.);
#92=ORIENTED_EDGE('',*,*,#486,.T.);
#93=ORIENTED_EDGE('',*,*,#487,.T.);
#94=ORIENTED_EDGE('',*,*,#486,.F.);
#95=ORIENTED_EDGE('',*,*,#488,.F.);
#96=ORIENTED_EDGE('',*,*,#478,.T.);
#97=ORIENTED_EDGE('',*,*,#489,.T.);
#98=ORIENTED_EDGE('',*,*,#479,.T.);
#99=ORIENTED_EDGE('',*,*,#488,.T.);
#100=ORIENTED_EDGE('',*,*,#485,.F.);
#101=ORIENTED_EDGE('',*,*,#482,.F.);
#102=ORIENTED_EDGE('',*,*,#477,.F.);
#103=ORIENTED_EDGE('',*,*,#481,.T.);
#104=ORIENTED_EDGE('',*,*,#484,.T.);
#105=ORIENTED_EDGE('',*,*,#487,.F.);
#106=ORIENTED_EDGE('',*,*,#490,.T.);
#107=ORIENTED_EDGE('',*,*,#489,.F.);
#108=ORIENTED_EDGE('',*,*,#490,.F.);
#109=ORIENTED_EDGE('',*,*,#491,.T.);
#110=ORIENTED_EDGE('',*,*,#492,.F.);
#111=ORIENTED_EDGE('',*,*,#493,.F.);
#112=ORIENTED_EDGE('',*,*,#494,.T.);
#113=ORIENTED_EDGE('',*,*,#495,.T.);
#114=ORIENTED_EDGE('',*,*,#496,.F.);
#115=ORIENTED_EDGE('',*,*,#497,.F.);
#116=ORIENTED_EDGE('',*,*,#492,.T.);
#117=ORIENTED_EDGE('',*,*,#498,.F.);
#118=ORIENTED_EDGE('',*,*,#499,.F.);
#119=ORIENTED_EDGE('',*,*,#500,.T.);
#120=ORIENTED_EDGE('',*,*,#496,.T.);
#121=ORIENTED_EDGE('',*,*,#501,.T.);
#122=ORIENTED_EDGE('',*,*,#502,.F.);
#123=ORIENTED_EDGE('',*,*,#503,.F.);
#124=ORIENTED_EDGE('',*,*,#499,.T.);
#125=ORIENTED_EDGE('',*,*,#504,.T.);
#126=ORIENTED_EDGE('',*,*,#505,.F.);
#127=ORIENTED_EDGE('',*,*,#506,.T.);
#128=ORIENTED_EDGE('',*,*,#507,.T.);
#129=ORIENTED_EDGE('',*,*,#508,.T.);
#130=ORIENTED_EDGE('',*,*,#509,.T.);
#131=ORIENTED_EDGE('',*,*,#510,.T.);
#132=ORIENTED_EDGE('',*,*,#511,.T.);
#133=ORIENTED_EDGE('',*,*,#512,.T.);
#134=ORIENTED_EDGE('',*,*,#513,.T.);
#135=ORIENTED_EDGE('',*,*,#514,.T.);
#136=ORIENTED_EDGE('',*,*,#515,.T.);
#137=ORIENTED_EDGE('',*,*,#516,.F.);
#138=ORIENTED_EDGE('',*,*,#502,.T.);
#139=ORIENTED_EDGE('',*,*,#517,.F.);
#140=ORIENTED_EDGE('',*,*,#518,.T.);
#141=ORIENTED_EDGE('',*,*,#505,.T.);
#142=ORIENTED_EDGE('',*,*,#519,.T.);
#143=ORIENTED_EDGE('',*,*,#520,.T.);
#144=ORIENTED_EDGE('',*,*,#521,.F.);
#145=ORIENTED_EDGE('',*,*,#522,.F.);
#146=ORIENTED_EDGE('',*,*,#523,.F.);
#147=ORIENTED_EDGE('',*,*,#524,.F.);
#148=ORIENTED_EDGE('',*,*,#525,.F.);
#149=ORIENTED_EDGE('',*,*,#526,.F.);
#150=ORIENTED_EDGE('',*,*,#527,.F.);
#151=ORIENTED_EDGE('',*,*,#528,.F.);
#152=ORIENTED_EDGE('',*,*,#529,.F.);
#153=ORIENTED_EDGE('',*,*,#530,.F.);
#154=ORIENTED_EDGE('',*,*,#531,.F.);
#155=ORIENTED_EDGE('',*,*,#532,.F.);
#156=ORIENTED_EDGE('',*,*,#517,.T.);
#157=ORIENTED_EDGE('',*,*,#533,.T.);
#158=ORIENTED_EDGE('',*,*,#534,.F.);
#159=ORIENTED_EDGE('',*,*,#535,.F.);
#160=ORIENTED_EDGE('',*,*,#521,.T.);
#161=ORIENTED_EDGE('',*,*,#536,.T.);
#162=ORIENTED_EDGE('',*,*,#537,.F.);
#163=ORIENTED_EDGE('',*,*,#538,.F.);
#164=ORIENTED_EDGE('',*,*,#534,.T.);
#165=ORIENTED_EDGE('',*,*,#539,.F.);
#166=ORIENTED_EDGE('',*,*,#540,.F.);
#167=ORIENTED_EDGE('',*,*,#541,.T.);
#168=ORIENTED_EDGE('',*,*,#537,.T.);
#169=ORIENTED_EDGE('',*,*,#542,.T.);
#170=ORIENTED_EDGE('',*,*,#543,.F.);
#171=ORIENTED_EDGE('',*,*,#544,.F.);
#172=ORIENTED_EDGE('',*,*,#540,.T.);
#173=ORIENTED_EDGE('',*,*,#545,.T.);
#174=ORIENTED_EDGE('',*,*,#494,.F.);
#175=ORIENTED_EDGE('',*,*,#546,.F.);
#176=ORIENTED_EDGE('',*,*,#543,.T.);
#177=ORIENTED_EDGE('',*,*,#493,.T.);
#178=ORIENTED_EDGE('',*,*,#497,.T.);
#179=ORIENTED_EDGE('',*,*,#500,.F.);
#180=ORIENTED_EDGE('',*,*,#503,.T.);
#181=ORIENTED_EDGE('',*,*,#516,.T.);
#182=ORIENTED_EDGE('',*,*,#547,.F.);
#183=ORIENTED_EDGE('',*,*,#522,.T.);
#184=ORIENTED_EDGE('',*,*,#535,.T.);
#185=ORIENTED_EDGE('',*,*,#538,.T.);
#186=ORIENTED_EDGE('',*,*,#541,.F.);
#187=ORIENTED_EDGE('',*,*,#544,.T.);
#188=ORIENTED_EDGE('',*,*,#546,.T.);
#189=ORIENTED_EDGE('',*,*,#491,.F.);
#190=ORIENTED_EDGE('',*,*,#545,.F.);
#191=ORIENTED_EDGE('',*,*,#542,.F.);
#192=ORIENTED_EDGE('',*,*,#539,.T.);
#193=ORIENTED_EDGE('',*,*,#536,.F.);
#194=ORIENTED_EDGE('',*,*,#533,.F.);
#195=ORIENTED_EDGE('',*,*,#520,.F.);
#196=ORIENTED_EDGE('',*,*,#519,.F.);
#197=ORIENTED_EDGE('',*,*,#504,.F.);
#198=ORIENTED_EDGE('',*,*,#501,.F.);
#199=ORIENTED_EDGE('',*,*,#498,.T.);
#200=ORIENTED_EDGE('',*,*,#495,.F.);
#201=ORIENTED_EDGE('',*,*,#506,.F.);
#202=ORIENTED_EDGE('',*,*,#518,.F.);
#203=ORIENTED_EDGE('',*,*,#532,.T.);
#204=ORIENTED_EDGE('',*,*,#548,.T.);
#205=ORIENTED_EDGE('',*,*,#507,.F.);
#206=ORIENTED_EDGE('',*,*,#548,.F.);
#207=ORIENTED_EDGE('',*,*,#531,.T.);
#208=ORIENTED_EDGE('',*,*,#549,.T.);
#209=ORIENTED_EDGE('',*,*,#508,.F.);
#210=ORIENTED_EDGE('',*,*,#549,.F.);
#211=ORIENTED_EDGE('',*,*,#530,.T.);
#212=ORIENTED_EDGE('',*,*,#550,.T.);
#213=ORIENTED_EDGE('',*,*,#509,.F.);
#214=ORIENTED_EDGE('',*,*,#550,.F.);
#215=ORIENTED_EDGE('',*,*,#529,.T.);
#216=ORIENTED_EDGE('',*,*,#551,.T.);
#217=ORIENTED_EDGE('',*,*,#510,.F.);
#218=ORIENTED_EDGE('',*,*,#551,.F.);
#219=ORIENTED_EDGE('',*,*,#528,.T.);
#220=ORIENTED_EDGE('',*,*,#552,.T.);
#221=ORIENTED_EDGE('',*,*,#511,.F.);
#222=ORIENTED_EDGE('',*,*,#552,.F.);
#223=ORIENTED_EDGE('',*,*,#527,.T.);
#224=ORIENTED_EDGE('',*,*,#553,.T.);
#225=ORIENTED_EDGE('',*,*,#512,.F.);
#226=ORIENTED_EDGE('',*,*,#553,.F.);
#227=ORIENTED_EDGE('',*,*,#526,.T.);
#228=ORIENTED_EDGE('',*,*,#554,.T.);
#229=ORIENTED_EDGE('',*,*,#513,.F.);
#230=ORIENTED_EDGE('',*,*,#554,.F.);
#231=ORIENTED_EDGE('',*,*,#525,.T.);
#232=ORIENTED_EDGE('',*,*,#555,.T.);
#233=ORIENTED_EDGE('',*,*,#514,.F.);
#234=ORIENTED_EDGE('',*,*,#555,.F.);
#235=ORIENTED_EDGE('',*,*,#524,.T.);
#236=ORIENTED_EDGE('',*,*,#556,.T.);
#237=ORIENTED_EDGE('',*,*,#515,.F.);
#238=ORIENTED_EDGE('',*,*,#556,.F.);
#239=ORIENTED_EDGE('',*,*,#523,.T.);
#240=ORIENTED_EDGE('',*,*,#547,.T.);
#241=ORIENTED_EDGE('',*,*,#557,.F.);
#242=ORIENTED_EDGE('',*,*,#558,.F.);
#243=ORIENTED_EDGE('',*,*,#559,.T.);
#244=ORIENTED_EDGE('',*,*,#560,.T.);
#245=ORIENTED_EDGE('',*,*,#561,.T.);
#246=ORIENTED_EDGE('',*,*,#562,.F.);
#247=ORIENTED_EDGE('',*,*,#563,.F.);
#248=ORIENTED_EDGE('',*,*,#558,.T.);
#249=ORIENTED_EDGE('',*,*,#564,.F.);
#250=ORIENTED_EDGE('',*,*,#565,.F.);
#251=ORIENTED_EDGE('',*,*,#566,.T.);
#252=ORIENTED_EDGE('',*,*,#562,.T.);
#253=ORIENTED_EDGE('',*,*,#567,.F.);
#254=ORIENTED_EDGE('',*,*,#568,.F.);
#255=ORIENTED_EDGE('',*,*,#569,.T.);
#256=ORIENTED_EDGE('',*,*,#565,.T.);
#257=ORIENTED_EDGE('',*,*,#570,.F.);
#258=ORIENTED_EDGE('',*,*,#571,.F.);
#259=ORIENTED_EDGE('',*,*,#572,.T.);
#260=ORIENTED_EDGE('',*,*,#568,.T.);
#261=ORIENTED_EDGE('',*,*,#573,.F.);
#262=ORIENTED_EDGE('',*,*,#574,.F.);
#263=ORIENTED_EDGE('',*,*,#575,.T.);
#264=ORIENTED_EDGE('',*,*,#571,.T.);
#265=ORIENTED_EDGE('',*,*,#576,.F.);
#266=ORIENTED_EDGE('',*,*,#577,.F.);
#267=ORIENTED_EDGE('',*,*,#578,.T.);
#268=ORIENTED_EDGE('',*,*,#574,.T.);
#269=ORIENTED_EDGE('',*,*,#579,.F.);
#270=ORIENTED_EDGE('',*,*,#580,.F.);
#271=ORIENTED_EDGE('',*,*,#581,.T.);
#272=ORIENTED_EDGE('',*,*,#577,.T.);
#273=ORIENTED_EDGE('',*,*,#582,.F.);
#274=ORIENTED_EDGE('',*,*,#583,.F.);
#275=ORIENTED_EDGE('',*,*,#584,.T.);
#276=ORIENTED_EDGE('',*,*,#580,.T.);
#277=ORIENTED_EDGE('',*,*,#585,.F.);
#278=ORIENTED_EDGE('',*,*,#586,.F.);
#279=ORIENTED_EDGE('',*,*,#587,.T.);
#280=ORIENTED_EDGE('',*,*,#583,.T.);
#281=ORIENTED_EDGE('',*,*,#588,.T.);
#282=ORIENTED_EDGE('',*,*,#589,.F.);
#283=ORIENTED_EDGE('',*,*,#590,.F.);
#284=ORIENTED_EDGE('',*,*,#586,.T.);
#285=ORIENTED_EDGE('',*,*,#591,.F.);
#286=ORIENTED_EDGE('',*,*,#560,.F.);
#287=ORIENTED_EDGE('',*,*,#592,.T.);
#288=ORIENTED_EDGE('',*,*,#589,.T.);
#289=ORIENTED_EDGE('',*,*,#559,.F.);
#290=ORIENTED_EDGE('',*,*,#563,.T.);
#291=ORIENTED_EDGE('',*,*,#566,.F.);
#292=ORIENTED_EDGE('',*,*,#569,.F.);
#293=ORIENTED_EDGE('',*,*,#572,.F.);
#294=ORIENTED_EDGE('',*,*,#575,.F.);
#295=ORIENTED_EDGE('',*,*,#578,.F.);
#296=ORIENTED_EDGE('',*,*,#581,.F.);
#297=ORIENTED_EDGE('',*,*,#584,.F.);
#298=ORIENTED_EDGE('',*,*,#587,.F.);
#299=ORIENTED_EDGE('',*,*,#590,.T.);
#300=ORIENTED_EDGE('',*,*,#592,.F.);
#301=ORIENTED_EDGE('',*,*,#557,.T.);
#302=ORIENTED_EDGE('',*,*,#591,.T.);
#303=ORIENTED_EDGE('',*,*,#588,.F.);
#304=ORIENTED_EDGE('',*,*,#585,.T.);
#305=ORIENTED_EDGE('',*,*,#582,.T.);
#306=ORIENTED_EDGE('',*,*,#579,.T.);
#307=ORIENTED_EDGE('',*,*,#576,.T.);
#308=ORIENTED_EDGE('',*,*,#573,.T.);
#309=ORIENTED_EDGE('',*,*,#570,.T.);
#310=ORIENTED_EDGE('',*,*,#567,.T.);
#311=ORIENTED_EDGE('',*,*,#564,.T.);
#312=ORIENTED_EDGE('',*,*,#561,.F.);
#313=ORIENTED_EDGE('',*,*,#593,.T.);
#314=ORIENTED_EDGE('',*,*,#594,.F.);
#315=ORIENTED_EDGE('',*,*,#593,.F.);
#316=ORIENTED_EDGE('',*,*,#595,.F.);
#317=ORIENTED_EDGE('',*,*,#594,.T.);
#318=ORIENTED_EDGE('',*,*,#596,.F.);
#319=ORIENTED_EDGE('',*,*,#595,.T.);
#320=ORIENTED_EDGE('',*,*,#597,.F.);
#321=ORIENTED_EDGE('',*,*,#598,.F.);
#322=ORIENTED_EDGE('',*,*,#599,.T.);
#323=ORIENTED_EDGE('',*,*,#600,.T.);
#324=ORIENTED_EDGE('',*,*,#601,.T.);
#325=ORIENTED_EDGE('',*,*,#602,.F.);
#326=ORIENTED_EDGE('',*,*,#603,.F.);
#327=ORIENTED_EDGE('',*,*,#598,.T.);
#328=ORIENTED_EDGE('',*,*,#604,.T.);
#329=ORIENTED_EDGE('',*,*,#605,.F.);
#330=ORIENTED_EDGE('',*,*,#606,.F.);
#331=ORIENTED_EDGE('',*,*,#602,.T.);
#332=ORIENTED_EDGE('',*,*,#607,.F.);
#333=ORIENTED_EDGE('',*,*,#600,.F.);
#334=ORIENTED_EDGE('',*,*,#608,.T.);
#335=ORIENTED_EDGE('',*,*,#605,.T.);
#336=ORIENTED_EDGE('',*,*,#599,.F.);
#337=ORIENTED_EDGE('',*,*,#603,.T.);
#338=ORIENTED_EDGE('',*,*,#606,.T.);
#339=ORIENTED_EDGE('',*,*,#608,.F.);
#340=ORIENTED_EDGE('',*,*,#596,.T.);
#341=ORIENTED_EDGE('',*,*,#597,.T.);
#342=ORIENTED_EDGE('',*,*,#607,.T.);
#343=ORIENTED_EDGE('',*,*,#604,.F.);
#344=ORIENTED_EDGE('',*,*,#601,.F.);
#345=ORIENTED_EDGE('',*,*,#609,.F.);
#346=ORIENTED_EDGE('',*,*,#610,.F.);
#347=ORIENTED_EDGE('',*,*,#611,.T.);
#348=ORIENTED_EDGE('',*,*,#612,.T.);
#349=ORIENTED_EDGE('',*,*,#613,.F.);
#350=ORIENTED_EDGE('',*,*,#614,.F.);
#351=ORIENTED_EDGE('',*,*,#615,.T.);
#352=ORIENTED_EDGE('',*,*,#616,.F.);
#353=ORIENTED_EDGE('',*,*,#617,.F.);
#354=ORIENTED_EDGE('',*,*,#618,.T.);
#355=ORIENTED_EDGE('',*,*,#614,.T.);
#356=ORIENTED_EDGE('',*,*,#619,.T.);
#357=ORIENTED_EDGE('',*,*,#620,.T.);
#358=ORIENTED_EDGE('',*,*,#621,.T.);
#359=ORIENTED_EDGE('',*,*,#622,.T.);
#360=ORIENTED_EDGE('',*,*,#623,.T.);
#361=ORIENTED_EDGE('',*,*,#624,.T.);
#362=ORIENTED_EDGE('',*,*,#625,.F.);
#363=ORIENTED_EDGE('',*,*,#626,.T.);
#364=ORIENTED_EDGE('',*,*,#627,.T.);
#365=ORIENTED_EDGE('',*,*,#628,.F.);
#366=ORIENTED_EDGE('',*,*,#611,.F.);
#367=ORIENTED_EDGE('',*,*,#629,.T.);
#368=ORIENTED_EDGE('',*,*,#630,.T.);
#369=ORIENTED_EDGE('',*,*,#627,.F.);
#370=ORIENTED_EDGE('',*,*,#631,.F.);
#371=ORIENTED_EDGE('',*,*,#632,.F.);
#372=ORIENTED_EDGE('',*,*,#633,.T.);
#373=ORIENTED_EDGE('',*,*,#634,.T.);
#374=ORIENTED_EDGE('',*,*,#635,.F.);
#375=ORIENTED_EDGE('',*,*,#636,.T.);
#376=ORIENTED_EDGE('',*,*,#637,.T.);
#377=ORIENTED_EDGE('',*,*,#625,.T.);
#378=ORIENTED_EDGE('',*,*,#638,.F.);
#379=ORIENTED_EDGE('',*,*,#619,.F.);
#380=ORIENTED_EDGE('',*,*,#613,.T.);
#381=ORIENTED_EDGE('',*,*,#639,.F.);
#382=ORIENTED_EDGE('',*,*,#640,.F.);
#383=ORIENTED_EDGE('',*,*,#641,.T.);
#384=ORIENTED_EDGE('',*,*,#617,.T.);
#385=ORIENTED_EDGE('',*,*,#638,.T.);
#386=ORIENTED_EDGE('',*,*,#624,.F.);
#387=ORIENTED_EDGE('',*,*,#642,.F.);
#388=ORIENTED_EDGE('',*,*,#643,.T.);
#389=ORIENTED_EDGE('',*,*,#644,.F.);
#390=ORIENTED_EDGE('',*,*,#643,.F.);
#391=ORIENTED_EDGE('',*,*,#645,.F.);
#392=ORIENTED_EDGE('',*,*,#646,.F.);
#393=ORIENTED_EDGE('',*,*,#647,.T.);
#394=ORIENTED_EDGE('',*,*,#648,.F.);
#395=ORIENTED_EDGE('',*,*,#629,.F.);
#396=ORIENTED_EDGE('',*,*,#610,.T.);
#397=ORIENTED_EDGE('',*,*,#649,.F.);
#398=ORIENTED_EDGE('',*,*,#634,.F.);
#399=ORIENTED_EDGE('',*,*,#612,.F.);
#400=ORIENTED_EDGE('',*,*,#628,.T.);
#401=ORIENTED_EDGE('',*,*,#649,.T.);
#402=ORIENTED_EDGE('',*,*,#633,.F.);
#403=ORIENTED_EDGE('',*,*,#650,.F.);
#404=ORIENTED_EDGE('',*,*,#635,.T.);
#405=ORIENTED_EDGE('',*,*,#626,.F.);
#406=ORIENTED_EDGE('',*,*,#637,.F.);
#407=ORIENTED_EDGE('',*,*,#651,.T.);
#408=ORIENTED_EDGE('',*,*,#631,.T.);
#409=ORIENTED_EDGE('',*,*,#636,.F.);
#410=ORIENTED_EDGE('',*,*,#650,.T.);
#411=ORIENTED_EDGE('',*,*,#632,.T.);
#412=ORIENTED_EDGE('',*,*,#651,.F.);
#413=ORIENTED_EDGE('',*,*,#623,.F.);
#414=ORIENTED_EDGE('',*,*,#652,.T.);
#415=ORIENTED_EDGE('',*,*,#645,.T.);
#416=ORIENTED_EDGE('',*,*,#642,.T.);
#417=ORIENTED_EDGE('',*,*,#653,.F.);
#418=ORIENTED_EDGE('',*,*,#654,.T.);
#419=ORIENTED_EDGE('',*,*,#620,.F.);
#420=ORIENTED_EDGE('',*,*,#630,.F.);
#421=ORIENTED_EDGE('',*,*,#648,.T.);
#422=ORIENTED_EDGE('',*,*,#655,.F.);
#423=ORIENTED_EDGE('',*,*,#622,.F.);
#424=ORIENTED_EDGE('',*,*,#656,.T.);
#425=ORIENTED_EDGE('',*,*,#646,.T.);
#426=ORIENTED_EDGE('',*,*,#652,.F.);
#427=ORIENTED_EDGE('',*,*,#656,.F.);
#428=ORIENTED_EDGE('',*,*,#621,.F.);
#429=ORIENTED_EDGE('',*,*,#654,.F.);
#430=ORIENTED_EDGE('',*,*,#647,.F.);
#431=ORIENTED_EDGE('',*,*,#655,.T.);
#432=ORIENTED_EDGE('',*,*,#653,.T.);
#433=ORIENTED_EDGE('',*,*,#639,.T.);
#434=ORIENTED_EDGE('',*,*,#644,.T.);
#435=ORIENTED_EDGE('',*,*,#609,.T.);
#436=ORIENTED_EDGE('',*,*,#657,.F.);
#437=ORIENTED_EDGE('',*,*,#640,.T.);
#438=ORIENTED_EDGE('',*,*,#657,.T.);
#439=ORIENTED_EDGE('',*,*,#616,.T.);
#440=ORIENTED_EDGE('',*,*,#658,.F.);
#441=ORIENTED_EDGE('',*,*,#658,.T.);
#442=ORIENTED_EDGE('',*,*,#615,.F.);
#443=ORIENTED_EDGE('',*,*,#618,.F.);
#444=ORIENTED_EDGE('',*,*,#641,.F.);
#445=ORIENTED_EDGE('',*,*,#659,.T.);
#446=ORIENTED_EDGE('',*,*,#660,.T.);
#447=ORIENTED_EDGE('',*,*,#661,.F.);
#448=ORIENTED_EDGE('',*,*,#662,.F.);
#449=ORIENTED_EDGE('',*,*,#663,.F.);
#450=ORIENTED_EDGE('',*,*,#664,.F.);
#451=ORIENTED_EDGE('',*,*,#665,.T.);
#452=ORIENTED_EDGE('',*,*,#666,.T.);
#453=ORIENTED_EDGE('',*,*,#664,.T.);
#454=ORIENTED_EDGE('',*,*,#667,.T.);
#455=ORIENTED_EDGE('',*,*,#659,.F.);
#456=ORIENTED_EDGE('',*,*,#668,.T.);
#457=ORIENTED_EDGE('',*,*,#669,.F.);
#458=ORIENTED_EDGE('',*,*,#666,.F.);
#459=ORIENTED_EDGE('',*,*,#670,.F.);
#460=ORIENTED_EDGE('',*,*,#661,.T.);
#461=ORIENTED_EDGE('',*,*,#670,.T.);
#462=ORIENTED_EDGE('',*,*,#665,.F.);
#463=ORIENTED_EDGE('',*,*,#668,.F.);
#464=ORIENTED_EDGE('',*,*,#662,.T.);
#465=ORIENTED_EDGE('',*,*,#667,.F.);
#466=ORIENTED_EDGE('',*,*,#663,.T.);
#467=ORIENTED_EDGE('',*,*,#669,.T.);
#468=ORIENTED_EDGE('',*,*,#660,.F.);
#469=ORIENTED_EDGE('',*,*,#671,.F.);
#470=ORIENTED_EDGE('',*,*,#672,.T.);
#471=ORIENTED_EDGE('',*,*,#673,.F.);
#472=ORIENTED_EDGE('',*,*,#671,.T.);
#473=ORIENTED_EDGE('',*,*,#674,.T.);
#474=ORIENTED_EDGE('',*,*,#672,.F.);
#475=ORIENTED_EDGE('',*,*,#673,.T.);
#476=ORIENTED_EDGE('',*,*,#674,.F.);
#477=EDGE_CURVE('',#675,#676,#811,.T.);
#478=EDGE_CURVE('',#677,#676,#812,.T.);
#479=EDGE_CURVE('',#678,#677,#813,.T.);
#480=EDGE_CURVE('',#678,#675,#814,.T.);
#481=EDGE_CURVE('',#675,#679,#815,.T.);
#482=EDGE_CURVE('',#678,#680,#816,.T.);
#483=EDGE_CURVE('',#680,#679,#817,.T.);
#484=EDGE_CURVE('',#679,#681,#818,.T.);
#485=EDGE_CURVE('',#680,#682,#819,.T.);
#486=EDGE_CURVE('',#682,#681,#820,.T.);
#487=EDGE_CURVE('',#676,#681,#821,.T.);
#488=EDGE_CURVE('',#677,#682,#822,.T.);
#489=EDGE_CURVE('',#683,#683,#59,.T.);
#490=EDGE_CURVE('',#684,#684,#60,.T.);
#491=EDGE_CURVE('',#685,#686,#823,.T.);
#492=EDGE_CURVE('',#687,#686,#824,.T.);
#493=EDGE_CURVE('',#688,#687,#825,.T.);
#494=EDGE_CURVE('',#688,#685,#826,.T.);
#495=EDGE_CURVE('',#686,#689,#827,.T.);
#496=EDGE_CURVE('',#690,#689,#828,.T.);
#497=EDGE_CURVE('',#687,#690,#829,.T.);
#498=EDGE_CURVE('',#691,#689,#830,.T.);
#499=EDGE_CURVE('',#692,#691,#831,.T.);
#500=EDGE_CURVE('',#692,#690,#832,.T.);
#501=EDGE_CURVE('',#691,#693,#833,.T.);
#502=EDGE_CURVE('',#694,#693,#834,.T.);
#503=EDGE_CURVE('',#692,#694,#835,.T.);
#504=EDGE_CURVE('',#693,#695,#836,.T.);
#505=EDGE_CURVE('',#696,#695,#837,.T.);
#506=EDGE_CURVE('',#696,#697,#838,.T.);
#507=EDGE_CURVE('',#697,#698,#839,.T.);
#508=EDGE_CURVE('',#698,#699,#840,.T.);
#509=EDGE_CURVE('',#699,#700,#841,.T.);
#510=EDGE_CURVE('',#700,#701,#842,.T.);
#511=EDGE_CURVE('',#701,#702,#843,.T.);
#512=EDGE_CURVE('',#702,#703,#844,.T.);
#513=EDGE_CURVE('',#703,#704,#845,.T.);
#514=EDGE_CURVE('',#704,#705,#846,.T.);
#515=EDGE_CURVE('',#705,#706,#847,.T.);
#516=EDGE_CURVE('',#694,#706,#848,.T.);
#517=EDGE_CURVE('',#707,#708,#849,.T.);
#518=EDGE_CURVE('',#707,#696,#850,.T.);
#519=EDGE_CURVE('',#695,#708,#851,.T.);
#520=EDGE_CURVE('',#708,#709,#852,.T.);
#521=EDGE_CURVE('',#710,#709,#853,.T.);
#522=EDGE_CURVE('',#711,#710,#854,.T.);
#523=EDGE_CURVE('',#712,#711,#855,.T.);
#524=EDGE_CURVE('',#713,#712,#856,.T.);
#525=EDGE_CURVE('',#714,#713,#857,.T.);
#526=EDGE_CURVE('',#715,#714,#858,.T.);
#527=EDGE_CURVE('',#716,#715,#859,.T.);
#528=EDGE_CURVE('',#717,#716,#860,.T.);
#529=EDGE_CURVE('',#718,#717,#861,.T.);
#530=EDGE_CURVE('',#719,#718,#862,.T.);
#531=EDGE_CURVE('',#720,#719,#863,.T.);
#532=EDGE_CURVE('',#707,#720,#864,.T.);
#533=EDGE_CURVE('',#709,#721,#865,.T.);
#534=EDGE_CURVE('',#722,#721,#866,.T.);
#535=EDGE_CURVE('',#710,#722,#867,.T.);
#536=EDGE_CURVE('',#721,#723,#868,.T.);
#537=EDGE_CURVE('',#724,#723,#869,.T.);
#538=EDGE_CURVE('',#722,#724,#870,.T.);
#539=EDGE_CURVE('',#725,#723,#871,.T.);
#540=EDGE_CURVE('',#726,#725,#872,.T.);
#541=EDGE_CURVE('',#726,#724,#873,.T.);
#542=EDGE_CURVE('',#725,#727,#874,.T.);
#543=EDGE_CURVE('',#728,#727,#875,.T.);
#544=EDGE_CURVE('',#726,#728,#876,.T.);
#545=EDGE_CURVE('',#727,#685,#877,.T.);
#546=EDGE_CURVE('',#728,#688,#878,.T.);
#547=EDGE_CURVE('',#711,#706,#879,.T.);
#548=EDGE_CURVE('',#720,#697,#880,.T.);
#549=EDGE_CURVE('',#719,#698,#881,.T.);
#550=EDGE_CURVE('',#718,#699,#882,.T.);
#551=EDGE_CURVE('',#717,#700,#883,.T.);
#552=EDGE_CURVE('',#716,#701,#884,.T.);
#553=EDGE_CURVE('',#715,#702,#885,.T.);
#554=EDGE_CURVE('',#714,#703,#886,.T.);
#555=EDGE_CURVE('',#713,#704,#887,.T.);
#556=EDGE_CURVE('',#712,#705,#888,.T.);
#557=EDGE_CURVE('',#729,#730,#889,.T.);
#558=EDGE_CURVE('',#731,#729,#890,.T.);
#559=EDGE_CURVE('',#731,#732,#891,.T.);
#560=EDGE_CURVE('',#732,#730,#892,.T.);
#561=EDGE_CURVE('',#729,#733,#893,.T.);
#562=EDGE_CURVE('',#734,#733,#894,.T.);
#563=EDGE_CURVE('',#731,#734,#895,.T.);
#564=EDGE_CURVE('',#735,#733,#896,.T.);
#565=EDGE_CURVE('',#736,#735,#897,.T.);
#566=EDGE_CURVE('',#736,#734,#898,.T.);
#567=EDGE_CURVE('',#737,#735,#899,.T.);
#568=EDGE_CURVE('',#738,#737,#900,.T.);
#569=EDGE_CURVE('',#738,#736,#901,.T.);
#570=EDGE_CURVE('',#739,#737,#902,.T.);
#571=EDGE_CURVE('',#740,#739,#903,.T.);
#572=EDGE_CURVE('',#740,#738,#904,.T.);
#573=EDGE_CURVE('',#741,#739,#905,.T.);
#574=EDGE_CURVE('',#742,#741,#906,.T.);
#575=EDGE_CURVE('',#742,#740,#907,.T.);
#576=EDGE_CURVE('',#743,#741,#908,.T.);
#577=EDGE_CURVE('',#744,#743,#909,.T.);
#578=EDGE_CURVE('',#744,#742,#910,.T.);
#579=EDGE_CURVE('',#745,#743,#911,.T.);
#580=EDGE_CURVE('',#746,#745,#912,.T.);
#581=EDGE_CURVE('',#746,#744,#913,.T.);
#582=EDGE_CURVE('',#747,#745,#914,.T.);
#583=EDGE_CURVE('',#748,#747,#915,.T.);
#584=EDGE_CURVE('',#748,#746,#916,.T.);
#585=EDGE_CURVE('',#749,#747,#917,.T.);
#586=EDGE_CURVE('',#750,#749,#918,.T.);
#587=EDGE_CURVE('',#750,#748,#919,.T.);
#588=EDGE_CURVE('',#749,#751,#920,.T.);
#589=EDGE_CURVE('',#752,#751,#921,.T.);
#590=EDGE_CURVE('',#750,#752,#922,.T.);
#591=EDGE_CURVE('',#730,#751,#923,.T.);
#592=EDGE_CURVE('',#732,#752,#924,.T.);
#593=EDGE_CURVE('',#753,#753,#61,.T.);
#594=EDGE_CURVE('',#754,#754,#62,.T.);
#595=EDGE_CURVE('',#755,#755,#63,.T.);
#596=EDGE_CURVE('',#756,#756,#64,.T.);
#597=EDGE_CURVE('',#757,#758,#925,.T.);
#598=EDGE_CURVE('',#759,#757,#926,.T.);
#599=EDGE_CURVE('',#759,#760,#927,.T.);
#600=EDGE_CURVE('',#760,#758,#928,.T.);
#601=EDGE_CURVE('',#757,#761,#929,.T.);
#602=EDGE_CURVE('',#762,#761,#930,.T.);
#603=EDGE_CURVE('',#759,#762,#931,.T.);
#604=EDGE_CURVE('',#761,#763,#932,.T.);
#605=EDGE_CURVE('',#764,#763,#933,.T.);
#606=EDGE_CURVE('',#762,#764,#934,.T.);
#607=EDGE_CURVE('',#758,#763,#935,.T.);
#608=EDGE_CURVE('',#760,#764,#936,.T.);
#609=EDGE_CURVE('',#765,#766,#937,.T.);
#610=EDGE_CURVE('',#767,#765,#938,.T.);
#611=EDGE_CURVE('',#767,#768,#939,.T.);
#612=EDGE_CURVE('',#768,#769,#940,.T.);
#613=EDGE_CURVE('',#770,#769,#941,.T.);
#614=EDGE_CURVE('',#771,#770,#942,.T.);
#615=EDGE_CURVE('',#771,#772,#943,.T.);
#616=EDGE_CURVE('',#766,#772,#944,.T.);
#617=EDGE_CURVE('',#773,#774,#945,.T.);
#618=EDGE_CURVE('',#773,#771,#946,.T.);
#619=EDGE_CURVE('',#770,#774,#947,.T.);
#620=EDGE_CURVE('',#775,#776,#948,.T.);
#621=EDGE_CURVE('',#776,#777,#949,.T.);
#622=EDGE_CURVE('',#777,#778,#950,.T.);
#623=EDGE_CURVE('',#778,#779,#951,.T.);
#624=EDGE_CURVE('',#779,#780,#952,.T.);
#625=EDGE_CURVE('',#781,#780,#953,.T.);
#626=EDGE_CURVE('',#781,#782,#65,.T.);
#627=EDGE_CURVE('',#782,#775,#954,.T.);
#628=EDGE_CURVE('',#768,#783,#955,.T.);
#629=EDGE_CURVE('',#767,#784,#956,.T.);
#630=EDGE_CURVE('',#784,#775,#957,.T.);
#631=EDGE_CURVE('',#785,#782,#958,.T.);
#632=EDGE_CURVE('',#786,#785,#959,.T.);
#633=EDGE_CURVE('',#786,#783,#960,.T.);
#634=EDGE_CURVE('',#769,#787,#961,.T.);
#635=EDGE_CURVE('',#788,#787,#962,.T.);
#636=EDGE_CURVE('',#788,#789,#963,.T.);
#637=EDGE_CURVE('',#789,#781,#964,.T.);
#638=EDGE_CURVE('',#774,#780,#965,.T.);
#639=EDGE_CURVE('',#790,#791,#966,.T.);
#640=EDGE_CURVE('',#792,#790,#967,.T.);
#641=EDGE_CURVE('',#792,#773,#968,.T.);
#642=EDGE_CURVE('',#793,#779,#969,.T.);
#643=EDGE_CURVE('',#793,#791,#970,.T.);
#644=EDGE_CURVE('',#791,#765,#971,.T.);
#645=EDGE_CURVE('',#794,#793,#972,.T.);
#646=EDGE_CURVE('',#795,#794,#973,.T.);
#647=EDGE_CURVE('',#795,#796,#974,.F.);
#648=EDGE_CURVE('',#784,#796,#975,.T.);
#649=EDGE_CURVE('',#787,#783,#66,.T.);
#650=EDGE_CURVE('',#788,#786,#67,.T.);
#651=EDGE_CURVE('',#789,#785,#68,.T.);
#652=EDGE_CURVE('',#778,#794,#976,.T.);
#653=EDGE_CURVE('',#797,#797,#69,.T.);
#654=EDGE_CURVE('',#796,#776,#70,.T.);
#655=EDGE_CURVE('',#798,#798,#71,.T.);
#656=EDGE_CURVE('',#777,#795,#72,.T.);
#657=EDGE_CURVE('',#790,#766,#977,.T.);
#658=EDGE_CURVE('',#792,#772,#978,.T.);
#659=EDGE_CURVE('',#799,#800,#73,.T.);
#660=EDGE_CURVE('',#800,#801,#10,.T.);
#661=EDGE_CURVE('',#802,#801,#74,.T.);
#662=EDGE_CURVE('',#799,#802,#979,.T.);
#663=EDGE_CURVE('',#803,#804,#11,.T.);
#664=EDGE_CURVE('',#805,#803,#75,.T.);
#665=EDGE_CURVE('',#805,#806,#980,.T.);
#666=EDGE_CURVE('',#806,#804,#76,.T.);
#667=EDGE_CURVE('',#803,#800,#981,.F.);
#668=EDGE_CURVE('',#799,#805,#982,.T.);
#669=EDGE_CURVE('',#804,#801,#983,.F.);
#670=EDGE_CURVE('',#802,#806,#984,.T.);
#671=EDGE_CURVE('',#807,#807,#77,.T.);
#672=EDGE_CURVE('',#808,#808,#78,.T.);
#673=EDGE_CURVE('',#809,#809,#79,.T.);
#674=EDGE_CURVE('',#810,#810,#80,.T.);
#675=VERTEX_POINT('',#2102);
#676=VERTEX_POINT('',#2103);
#677=VERTEX_POINT('',#2105);
#678=VERTEX_POINT('',#2107);
#679=VERTEX_POINT('',#2111);
#680=VERTEX_POINT('',#2113);
#681=VERTEX_POINT('',#2117);
#682=VERTEX_POINT('',#2119);
#683=VERTEX_POINT('',#2126);
#684=VERTEX_POINT('',#2130);
#685=VERTEX_POINT('',#2135);
#686=VERTEX_POINT('',#2136);
#687=VERTEX_POINT('',#2138);
#688=VERTEX_POINT('',#2140);
#689=VERTEX_POINT('',#2144);
#690=VERTEX_POINT('',#2146);
#691=VERTEX_POINT('',#2150);
#692=VERTEX_POINT('',#2152);
#693=VERTEX_POINT('',#2156);
#694=VERTEX_POINT('',#2158);
#695=VERTEX_POINT('',#2162);
#696=VERTEX_POINT('',#2164);
#697=VERTEX_POINT('',#2166);
#698=VERTEX_POINT('',#2168);
#699=VERTEX_POINT('',#2170);
#700=VERTEX_POINT('',#2172);
#701=VERTEX_POINT('',#2174);
#702=VERTEX_POINT('',#2176);
#703=VERTEX_POINT('',#2178);
#704=VERTEX_POINT('',#2180);
#705=VERTEX_POINT('',#2182);
#706=VERTEX_POINT('',#2184);
#707=VERTEX_POINT('',#2188);
#708=VERTEX_POINT('',#2189);
#709=VERTEX_POINT('',#2194);
#710=VERTEX_POINT('',#2196);
#711=VERTEX_POINT('',#2198);
#712=VERTEX_POINT('',#2200);
#713=VERTEX_POINT('',#2202);
#714=VERTEX_POINT('',#2204);
#715=VERTEX_POINT('',#2206);
#716=VERTEX_POINT('',#2208);
#717=VERTEX_POINT('',#2210);
#718=VERTEX_POINT('',#2212);
#719=VERTEX_POINT('',#2214);
#720=VERTEX_POINT('',#2216);
#721=VERTEX_POINT('',#2220);
#722=VERTEX_POINT('',#2222);
#723=VERTEX_POINT('',#2226);
#724=VERTEX_POINT('',#2228);
#725=VERTEX_POINT('',#2232);
#726=VERTEX_POINT('',#2234);
#727=VERTEX_POINT('',#2238);
#728=VERTEX_POINT('',#2240);
#729=VERTEX_POINT('',#2270);
#730=VERTEX_POINT('',#2271);
#731=VERTEX_POINT('',#2273);
#732=VERTEX_POINT('',#2275);
#733=VERTEX_POINT('',#2279);
#734=VERTEX_POINT('',#2281);
#735=VERTEX_POINT('',#2285);
#736=VERTEX_POINT('',#2287);
#737=VERTEX_POINT('',#2291);
#738=VERTEX_POINT('',#2293);
#739=VERTEX_POINT('',#2297);
#740=VERTEX_POINT('',#2299);
#741=VERTEX_POINT('',#2303);
#742=VERTEX_POINT('',#2305);
#743=VERTEX_POINT('',#2309);
#744=VERTEX_POINT('',#2311);
#745=VERTEX_POINT('',#2315);
#746=VERTEX_POINT('',#2317);
#747=VERTEX_POINT('',#2321);
#748=VERTEX_POINT('',#2323);
#749=VERTEX_POINT('',#2327);
#750=VERTEX_POINT('',#2329);
#751=VERTEX_POINT('',#2333);
#752=VERTEX_POINT('',#2335);
#753=VERTEX_POINT('',#2345);
#754=VERTEX_POINT('',#2347);
#755=VERTEX_POINT('',#2351);
#756=VERTEX_POINT('',#2354);
#757=VERTEX_POINT('',#2357);
#758=VERTEX_POINT('',#2358);
#759=VERTEX_POINT('',#2360);
#760=VERTEX_POINT('',#2362);
#761=VERTEX_POINT('',#2366);
#762=VERTEX_POINT('',#2368);
#763=VERTEX_POINT('',#2372);
#764=VERTEX_POINT('',#2374);
#765=VERTEX_POINT('',#2384);
#766=VERTEX_POINT('',#2385);
#767=VERTEX_POINT('',#2387);
#768=VERTEX_POINT('',#2389);
#769=VERTEX_POINT('',#2391);
#770=VERTEX_POINT('',#2393);
#771=VERTEX_POINT('',#2395);
#772=VERTEX_POINT('',#2397);
#773=VERTEX_POINT('',#2401);
#774=VERTEX_POINT('',#2402);
#775=VERTEX_POINT('',#2407);
#776=VERTEX_POINT('',#2408);
#777=VERTEX_POINT('',#2410);
#778=VERTEX_POINT('',#2412);
#779=VERTEX_POINT('',#2414);
#780=VERTEX_POINT('',#2416);
#781=VERTEX_POINT('',#2418);
#782=VERTEX_POINT('',#2420);
#783=VERTEX_POINT('',#2424);
#784=VERTEX_POINT('',#2426);
#785=VERTEX_POINT('',#2429);
#786=VERTEX_POINT('',#2431);
#787=VERTEX_POINT('',#2435);
#788=VERTEX_POINT('',#2437);
#789=VERTEX_POINT('',#2439);
#790=VERTEX_POINT('',#2444);
#791=VERTEX_POINT('',#2445);
#792=VERTEX_POINT('',#2447);
#793=VERTEX_POINT('',#2450);
#794=VERTEX_POINT('',#2455);
#795=VERTEX_POINT('',#2457);
#796=VERTEX_POINT('',#2459);
#797=VERTEX_POINT('',#2472);
#798=VERTEX_POINT('',#2476);
#799=VERTEX_POINT('',#2488);
#800=VERTEX_POINT('',#2489);
#801=VERTEX_POINT('',#2494);
#802=VERTEX_POINT('',#2496);
#803=VERTEX_POINT('',#2503);
#804=VERTEX_POINT('',#2504);
#805=VERTEX_POINT('',#2506);
#806=VERTEX_POINT('',#2508);
#807=VERTEX_POINT('',#2519);
#808=VERTEX_POINT('',#2521);
#809=VERTEX_POINT('',#2524);
#810=VERTEX_POINT('',#2527);
#811=LINE('',#2101,#985);
#812=LINE('',#2104,#986);
#813=LINE('',#2106,#987);
#814=LINE('',#2108,#988);
#815=LINE('',#2110,#989);
#816=LINE('',#2112,#990);
#817=LINE('',#2114,#991);
#818=LINE('',#2116,#992);
#819=LINE('',#2118,#993);
#820=LINE('',#2120,#994);
#821=LINE('',#2122,#995);
#822=LINE('',#2123,#996);
#823=LINE('',#2134,#997);
#824=LINE('',#2137,#998);
#825=LINE('',#2139,#999);
#826=LINE('',#2141,#1000);
#827=LINE('',#2143,#1001);
#828=LINE('',#2145,#1002);
#829=LINE('',#2147,#1003);
#830=LINE('',#2149,#1004);
#831=LINE('',#2151,#1005);
#832=LINE('',#2153,#1006);
#833=LINE('',#2155,#1007);
#834=LINE('',#2157,#1008);
#835=LINE('',#2159,#1009);
#836=LINE('',#2161,#1010);
#837=LINE('',#2163,#1011);
#838=LINE('',#2165,#1012);
#839=LINE('',#2167,#1013);
#840=LINE('',#2169,#1014);
#841=LINE('',#2171,#1015);
#842=LINE('',#2173,#1016);
#843=LINE('',#2175,#1017);
#844=LINE('',#2177,#1018);
#845=LINE('',#2179,#1019);
#846=LINE('',#2181,#1020);
#847=LINE('',#2183,#1021);
#848=LINE('',#2185,#1022);
#849=LINE('',#2187,#1023);
#850=LINE('',#2190,#1024);
#851=LINE('',#2191,#1025);
#852=LINE('',#2193,#1026);
#853=LINE('',#2195,#1027);
#854=LINE('',#2197,#1028);
#855=LINE('',#2199,#1029);
#856=LINE('',#2201,#1030);
#857=LINE('',#2203,#1031);
#858=LINE('',#2205,#1032);
#859=LINE('',#2207,#1033);
#860=LINE('',#2209,#1034);
#861=LINE('',#2211,#1035);
#862=LINE('',#2213,#1036);
#863=LINE('',#2215,#1037);
#864=LINE('',#2217,#1038);
#865=LINE('',#2219,#1039);
#866=LINE('',#2221,#1040);
#867=LINE('',#2223,#1041);
#868=LINE('',#2225,#1042);
#869=LINE('',#2227,#1043);
#870=LINE('',#2229,#1044);
#871=LINE('',#2231,#1045);
#872=LINE('',#2233,#1046);
#873=LINE('',#2235,#1047);
#874=LINE('',#2237,#1048);
#875=LINE('',#2239,#1049);
#876=LINE('',#2241,#1050);
#877=LINE('',#2243,#1051);
#878=LINE('',#2244,#1052);
#879=LINE('',#2246,#1053);
#880=LINE('',#2249,#1054);
#881=LINE('',#2251,#1055);
#882=LINE('',#2253,#1056);
#883=LINE('',#2255,#1057);
#884=LINE('',#2257,#1058);
#885=LINE('',#2259,#1059);
#886=LINE('',#2261,#1060);
#887=LINE('',#2263,#1061);
#888=LINE('',#2265,#1062);
#889=LINE('',#2269,#1063);
#890=LINE('',#2272,#1064);
#891=LINE('',#2274,#1065);
#892=LINE('',#2276,#1066);
#893=LINE('',#2278,#1067);
#894=LINE('',#2280,#1068);
#895=LINE('',#2282,#1069);
#896=LINE('',#2284,#1070);
#897=LINE('',#2286,#1071);
#898=LINE('',#2288,#1072);
#899=LINE('',#2290,#1073);
#900=LINE('',#2292,#1074);
#901=LINE('',#2294,#1075);
#902=LINE('',#2296,#1076);
#903=LINE('',#2298,#1077);
#904=LINE('',#2300,#1078);
#905=LINE('',#2302,#1079);
#906=LINE('',#2304,#1080);
#907=LINE('',#2306,#1081);
#908=LINE('',#2308,#1082);
#909=LINE('',#2310,#1083);
#910=LINE('',#2312,#1084);
#911=LINE('',#2314,#1085);
#912=LINE('',#2316,#1086);
#913=LINE('',#2318,#1087);
#914=LINE('',#2320,#1088);
#915=LINE('',#2322,#1089);
#916=LINE('',#2324,#1090);
#917=LINE('',#2326,#1091);
#918=LINE('',#2328,#1092);
#919=LINE('',#2330,#1093);
#920=LINE('',#2332,#1094);
#921=LINE('',#2334,#1095);
#922=LINE('',#2336,#1096);
#923=LINE('',#2338,#1097);
#924=LINE('',#2339,#1098);
#925=LINE('',#2356,#1099);
#926=LINE('',#2359,#1100);
#927=LINE('',#2361,#1101);
#928=LINE('',#2363,#1102);
#929=LINE('',#2365,#1103);
#930=LINE('',#2367,#1104);
#931=LINE('',#2369,#1105);
#932=LINE('',#2371,#1106);
#933=LINE('',#2373,#1107);
#934=LINE('',#2375,#1108);
#935=LINE('',#2377,#1109);
#936=LINE('',#2378,#1110);
#937=LINE('',#2383,#1111);
#938=LINE('',#2386,#1112);
#939=LINE('',#2388,#1113);
#940=LINE('',#2390,#1114);
#941=LINE('',#2392,#1115);
#942=LINE('',#2394,#1116);
#943=LINE('',#2396,#1117);
#944=LINE('',#2398,#1118);
#945=LINE('',#2400,#1119);
#946=LINE('',#2403,#1120);
#947=LINE('',#2404,#1121);
#948=LINE('',#2406,#1122);
#949=LINE('',#2409,#1123);
#950=LINE('',#2411,#1124);
#951=LINE('',#2413,#1125);
#952=LINE('',#2415,#1126);
#953=LINE('',#2417,#1127);
#954=LINE('',#2421,#1128);
#955=LINE('',#2423,#1129);
#956=LINE('',#2425,#1130);
#957=LINE('',#2427,#1131);
#958=LINE('',#2428,#1132);
#959=LINE('',#2430,#1133);
#960=LINE('',#2432,#1134);
#961=LINE('',#2434,#1135);
#962=LINE('',#2436,#1136);
#963=LINE('',#2438,#1137);
#964=LINE('',#2440,#1138);
#965=LINE('',#2441,#1139);
#966=LINE('',#2443,#1140);
#967=LINE('',#2446,#1141);
#968=LINE('',#2448,#1142);
#969=LINE('',#2449,#1143);
#970=LINE('',#2451,#1144);
#971=LINE('',#2453,#1145);
#972=LINE('',#2454,#1146);
#973=LINE('',#2456,#1147);
#974=LINE('',#2458,#1148);
#975=LINE('',#2460,#1149);
#976=LINE('',#2469,#1150);
#977=LINE('',#2481,#1151);
#978=LINE('',#2483,#1152);
#979=LINE('',#2497,#1153);
#980=LINE('',#2507,#1154);
#981=LINE('',#2511,#1155);
#982=LINE('',#2512,#1156);
#983=LINE('',#2514,#1157);
#984=LINE('',#2515,#1158);
#985=VECTOR('',#1703,1.);
#986=VECTOR('',#1704,1.);
#987=VECTOR('',#1705,1.);
#988=VECTOR('',#1706,1.);
#989=VECTOR('',#1709,1.);
#990=VECTOR('',#1710,1.);
#991=VECTOR('',#1711,1.);
#992=VECTOR('',#1714,1.);
#993=VECTOR('',#1715,1.);
#994=VECTOR('',#1716,1.);
#995=VECTOR('',#1719,1.);
#996=VECTOR('',#1720,1.);
#997=VECTOR('',#1737,1.);
#998=VECTOR('',#1738,1.);
#999=VECTOR('',#1739,1.);
#1000=VECTOR('',#1740,1.);
#1001=VECTOR('',#1743,1.);
#1002=VECTOR('',#1744,1.);
#1003=VECTOR('',#1745,1.);
#1004=VECTOR('',#1748,1.);
#1005=VECTOR('',#1749,1.);
#1006=VECTOR('',#1750,1.);
#1007=VECTOR('',#1753,1.);
#1008=VECTOR('',#1754,1.);
#1009=VECTOR('',#1755,1.);
#1010=VECTOR('',#1758,1.);
#1011=VECTOR('',#1759,1.);
#1012=VECTOR('',#1760,1.);
#1013=VECTOR('',#1761,1.);
#1014=VECTOR('',#1762,1.);
#1015=VECTOR('',#1763,1.);
#1016=VECTOR('',#1764,1.);
#1017=VECTOR('',#1765,1.);
#1018=VECTOR('',#1766,1.);
#1019=VECTOR('',#1767,1.);
#1020=VECTOR('',#1768,1.);
#1021=VECTOR('',#1769,1.);
#1022=VECTOR('',#1770,1.);
#1023=VECTOR('',#1773,1.);
#1024=VECTOR('',#1774,1.);
#1025=VECTOR('',#1775,1.);
#1026=VECTOR('',#1778,1.);
#1027=VECTOR('',#1779,1.);
#1028=VECTOR('',#1780,1.);
#1029=VECTOR('',#1781,1.);
#1030=VECTOR('',#1782,1.);
#1031=VECTOR('',#1783,1.);
#1032=VECTOR('',#1784,1.);
#1033=VECTOR('',#1785,1.);
#1034=VECTOR('',#1786,1.);
#1035=VECTOR('',#1787,1.);
#1036=VECTOR('',#1788,1.);
#1037=VECTOR('',#1789,1.);
#1038=VECTOR('',#1790,1.);
#1039=VECTOR('',#1793,1.);
#1040=VECTOR('',#1794,1.);
#1041=VECTOR('',#1795,1.);
#1042=VECTOR('',#1798,1.);
#1043=VECTOR('',#1799,1.);
#1044=VECTOR('',#1800,1.);
#1045=VECTOR('',#1803,1.);
#1046=VECTOR('',#1804,1.);
#1047=VECTOR('',#1805,1.);
#1048=VECTOR('',#1808,1.);
#1049=VECTOR('',#1809,1.);
#1050=VECTOR('',#1810,1.);
#1051=VECTOR('',#1813,1.);
#1052=VECTOR('',#1814,1.);
#1053=VECTOR('',#1817,1.);
#1054=VECTOR('',#1822,1.);
#1055=VECTOR('',#1825,1.);
#1056=VECTOR('',#1828,1.);
#1057=VECTOR('',#1831,1.);
#1058=VECTOR('',#1834,1.);
#1059=VECTOR('',#1837,1.);
#1060=VECTOR('',#1840,1.);
#1061=VECTOR('',#1843,1.);
#1062=VECTOR('',#1846,1.);
#1063=VECTOR('',#1853,1.);
#1064=VECTOR('',#1854,1.);
#1065=VECTOR('',#1855,1.);
#1066=VECTOR('',#1856,1.);
#1067=VECTOR('',#1859,1.);
#1068=VECTOR('',#1860,1.);
#1069=VECTOR('',#1861,1.);
#1070=VECTOR('',#1864,1.);
#1071=VECTOR('',#1865,1.);
#1072=VECTOR('',#1866,1.);
#1073=VECTOR('',#1869,1.);
#1074=VECTOR('',#1870,1.);
#1075=VECTOR('',#1871,1.);
#1076=VECTOR('',#1874,1.);
#1077=VECTOR('',#1875,1.);
#1078=VECTOR('',#1876,1.);
#1079=VECTOR('',#1879,1.);
#1080=VECTOR('',#1880,1.);
#1081=VECTOR('',#1881,1.);
#1082=VECTOR('',#1884,1.);
#1083=VECTOR('',#1885,1.);
#1084=VECTOR('',#1886,1.);
#1085=VECTOR('',#1889,1.);
#1086=VECTOR('',#1890,1.);
#1087=VECTOR('',#1891,1.);
#1088=VECTOR('',#1894,1.);
#1089=VECTOR('',#1895,1.);
#1090=VECTOR('',#1896,1.);
#1091=VECTOR('',#1899,1.);
#1092=VECTOR('',#1900,1.);
#1093=VECTOR('',#1901,1.);
#1094=VECTOR('',#1904,1.);
#1095=VECTOR('',#1905,1.);
#1096=VECTOR('',#1906,1.);
#1097=VECTOR('',#1909,1.);
#1098=VECTOR('',#1910,1.);
#1099=VECTOR('',#1935,1.);
#1100=VECTOR('',#1936,1.);
#1101=VECTOR('',#1937,1.);
#1102=VECTOR('',#1938,1.);
#1103=VECTOR('',#1941,1.);
#1104=VECTOR('',#1942,1.);
#1105=VECTOR('',#1943,1.);
#1106=VECTOR('',#1946,1.);
#1107=VECTOR('',#1947,1.);
#1108=VECTOR('',#1948,1.);
#1109=VECTOR('',#1951,1.);
#1110=VECTOR('',#1952,1.);
#1111=VECTOR('',#1961,1.);
#1112=VECTOR('',#1962,1.);
#1113=VECTOR('',#1963,1.);
#1114=VECTOR('',#1964,1.);
#1115=VECTOR('',#1965,1.);
#1116=VECTOR('',#1966,1.);
#1117=VECTOR('',#1967,1.);
#1118=VECTOR('',#1968,1.);
#1119=VECTOR('',#1971,1.);
#1120=VECTOR('',#1972,1.);
#1121=VECTOR('',#1973,1.);
#1122=VECTOR('',#1976,1.);
#1123=VECTOR('',#1977,1.);
#1124=VECTOR('',#1978,1.);
#1125=VECTOR('',#1979,1.);
#1126=VECTOR('',#1980,1.);
#1127=VECTOR('',#1981,1.);
#1128=VECTOR('',#1984,1.);
#1129=VECTOR('',#1987,1.);
#1130=VECTOR('',#1988,1.);
#1131=VECTOR('',#1989,1.);
#1132=VECTOR('',#1990,1.);
#1133=VECTOR('',#1991,1.);
#1134=VECTOR('',#1992,1.);
#1135=VECTOR('',#1995,1.);
#1136=VECTOR('',#1996,1.);
#1137=VECTOR('',#1997,1.);
#1138=VECTOR('',#1998,1.);
#1139=VECTOR('',#1999,1.);
#1140=VECTOR('',#2002,1.);
#1141=VECTOR('',#2003,1.);
#1142=VECTOR('',#2004,1.);
#1143=VECTOR('',#2005,1.);
#1144=VECTOR('',#2006,1.);
#1145=VECTOR('',#2009,1.);
#1146=VECTOR('',#2010,1.);
#1147=VECTOR('',#2011,1.);
#1148=VECTOR('',#2012,1.);
#1149=VECTOR('',#2013,1.);
#1150=VECTOR('',#2030,1.);
#1151=VECTOR('',#2049,1.);
#1152=VECTOR('',#2052,1.);
#1153=VECTOR('',#2063,1.);
#1154=VECTOR('',#2068,1.);
#1155=VECTOR('',#2073,1.);
#1156=VECTOR('',#2074,1.);
#1157=VECTOR('',#2077,1.);
#1158=VECTOR('',#2078,1.);
#1159=EDGE_LOOP('',(#81,#82,#83,#84));
#1160=EDGE_LOOP('',(#85,#86,#87,#88));
#1161=EDGE_LOOP('',(#89,#90,#91,#92));
#1162=EDGE_LOOP('',(#93,#94,#95,#96));
#1163=EDGE_LOOP('',(#97));
#1164=EDGE_LOOP('',(#98,#99,#100,#101));
#1165=EDGE_LOOP('',(#102,#103,#104,#105));
#1166=EDGE_LOOP('',(#106));
#1167=EDGE_LOOP('',(#107));
#1168=EDGE_LOOP('',(#108));
#1169=EDGE_LOOP('',(#109,#110,#111,#112));
#1170=EDGE_LOOP('',(#113,#114,#115,#116));
#1171=EDGE_LOOP('',(#117,#118,#119,#120));
#1172=EDGE_LOOP('',(#121,#122,#123,#124));
#1173=EDGE_LOOP('',(#125,#126,#127,#128,#129,#130,#131,#132,#133,#134,#135,
#136,#137,#138));
#1174=EDGE_LOOP('',(#139,#140,#141,#142));
#1175=EDGE_LOOP('',(#143,#144,#145,#146,#147,#148,#149,#150,#151,#152,#153,
#154,#155,#156));
#1176=EDGE_LOOP('',(#157,#158,#159,#160));
#1177=EDGE_LOOP('',(#161,#162,#163,#164));
#1178=EDGE_LOOP('',(#165,#166,#167,#168));
#1179=EDGE_LOOP('',(#169,#170,#171,#172));
#1180=EDGE_LOOP('',(#173,#174,#175,#176));
#1181=EDGE_LOOP('',(#177,#178,#179,#180,#181,#182,#183,#184,#185,#186,#187,
#188));
#1182=EDGE_LOOP('',(#189,#190,#191,#192,#193,#194,#195,#196,#197,#198,#199,
#200));
#1183=EDGE_LOOP('',(#201,#202,#203,#204));
#1184=EDGE_LOOP('',(#205,#206,#207,#208));
#1185=EDGE_LOOP('',(#209,#210,#211,#212));
#1186=EDGE_LOOP('',(#213,#214,#215,#216));
#1187=EDGE_LOOP('',(#217,#218,#219,#220));
#1188=EDGE_LOOP('',(#221,#222,#223,#224));
#1189=EDGE_LOOP('',(#225,#226,#227,#228));
#1190=EDGE_LOOP('',(#229,#230,#231,#232));
#1191=EDGE_LOOP('',(#233,#234,#235,#236));
#1192=EDGE_LOOP('',(#237,#238,#239,#240));
#1193=EDGE_LOOP('',(#241,#242,#243,#244));
#1194=EDGE_LOOP('',(#245,#246,#247,#248));
#1195=EDGE_LOOP('',(#249,#250,#251,#252));
#1196=EDGE_LOOP('',(#253,#254,#255,#256));
#1197=EDGE_LOOP('',(#257,#258,#259,#260));
#1198=EDGE_LOOP('',(#261,#262,#263,#264));
#1199=EDGE_LOOP('',(#265,#266,#267,#268));
#1200=EDGE_LOOP('',(#269,#270,#271,#272));
#1201=EDGE_LOOP('',(#273,#274,#275,#276));
#1202=EDGE_LOOP('',(#277,#278,#279,#280));
#1203=EDGE_LOOP('',(#281,#282,#283,#284));
#1204=EDGE_LOOP('',(#285,#286,#287,#288));
#1205=EDGE_LOOP('',(#289,#290,#291,#292,#293,#294,#295,#296,#297,#298,#299,
#300));
#1206=EDGE_LOOP('',(#301,#302,#303,#304,#305,#306,#307,#308,#309,#310,#311,
#312));
#1207=EDGE_LOOP('',(#313));
#1208=EDGE_LOOP('',(#314));
#1209=EDGE_LOOP('',(#315));
#1210=EDGE_LOOP('',(#316));
#1211=EDGE_LOOP('',(#317));
#1212=EDGE_LOOP('',(#318));
#1213=EDGE_LOOP('',(#319));
#1214=EDGE_LOOP('',(#320,#321,#322,#323));
#1215=EDGE_LOOP('',(#324,#325,#326,#327));
#1216=EDGE_LOOP('',(#328,#329,#330,#331));
#1217=EDGE_LOOP('',(#332,#333,#334,#335));
#1218=EDGE_LOOP('',(#336,#337,#338,#339));
#1219=EDGE_LOOP('',(#340));
#1220=EDGE_LOOP('',(#341,#342,#343,#344));
#1221=EDGE_LOOP('',(#345,#346,#347,#348,#349,#350,#351,#352));
#1222=EDGE_LOOP('',(#353,#354,#355,#356));
#1223=EDGE_LOOP('',(#357,#358,#359,#360,#361,#362,#363,#364));
#1224=EDGE_LOOP('',(#365,#366,#367,#368,#369,#370,#371,#372));
#1225=EDGE_LOOP('',(#373,#374,#375,#376,#377,#378,#379,#380));
#1226=EDGE_LOOP('',(#381,#382,#383,#384,#385,#386,#387,#388));
#1227=EDGE_LOOP('',(#389,#390,#391,#392,#393,#394,#395,#396));
#1228=EDGE_LOOP('',(#397,#398,#399,#400));
#1229=EDGE_LOOP('',(#401,#402,#403,#404));
#1230=EDGE_LOOP('',(#405,#406,#407,#408));
#1231=EDGE_LOOP('',(#409,#410,#411,#412));
#1232=EDGE_LOOP('',(#413,#414,#415,#416));
#1233=EDGE_LOOP('',(#417));
#1234=EDGE_LOOP('',(#418,#419,#420,#421));
#1235=EDGE_LOOP('',(#422));
#1236=EDGE_LOOP('',(#423,#424,#425,#426));
#1237=EDGE_LOOP('',(#427,#428,#429,#430));
#1238=EDGE_LOOP('',(#431));
#1239=EDGE_LOOP('',(#432));
#1240=EDGE_LOOP('',(#433,#434,#435,#436));
#1241=EDGE_LOOP('',(#437,#438,#439,#440));
#1242=EDGE_LOOP('',(#441,#442,#443,#444));
#1243=EDGE_LOOP('',(#445,#446,#447,#448));
#1244=EDGE_LOOP('',(#449,#450,#451,#452));
#1245=EDGE_LOOP('',(#453,#454,#455,#456));
#1246=EDGE_LOOP('',(#457,#458,#459,#460));
#1247=EDGE_LOOP('',(#461,#462,#463,#464));
#1248=EDGE_LOOP('',(#465,#466,#467,#468));
#1249=EDGE_LOOP('',(#469));
#1250=EDGE_LOOP('',(#470));
#1251=EDGE_LOOP('',(#471));
#1252=EDGE_LOOP('',(#472));
#1253=EDGE_LOOP('',(#473));
#1254=EDGE_LOOP('',(#474));
#1255=EDGE_LOOP('',(#475));
#1256=EDGE_LOOP('',(#476));
#1257=FACE_BOUND('',#1159,.T.);
#1258=FACE_BOUND('',#1160,.T.);
#1259=FACE_BOUND('',#1161,.T.);
#1260=FACE_BOUND('',#1162,.T.);
#1261=FACE_BOUND('',#1163,.T.);
#1262=FACE_BOUND('',#1164,.T.);
#1263=FACE_BOUND('',#1165,.T.);
#1264=FACE_BOUND('',#1166,.T.);
#1265=FACE_BOUND('',#1167,.T.);
#1266=FACE_BOUND('',#1168,.T.);
#1267=FACE_BOUND('',#1169,.T.);
#1268=FACE_BOUND('',#1170,.T.);
#1269=FACE_BOUND('',#1171,.T.);
#1270=FACE_BOUND('',#1172,.T.);
#1271=FACE_BOUND('',#1173,.T.);
#1272=FACE_BOUND('',#1174,.T.);
#1273=FACE_BOUND('',#1175,.T.);
#1274=FACE_BOUND('',#1176,.T.);
#1275=FACE_BOUND('',#1177,.T.);
#1276=FACE_BOUND('',#1178,.T.);
#1277=FACE_BOUND('',#1179,.T.);
#1278=FACE_BOUND('',#1180,.T.);
#1279=FACE_BOUND('',#1181,.T.);
#1280=FACE_BOUND('',#1182,.T.);
#1281=FACE_BOUND('',#1183,.T.);
#1282=FACE_BOUND('',#1184,.T.);
#1283=FACE_BOUND('',#1185,.T.);
#1284=FACE_BOUND('',#1186,.T.);
#1285=FACE_BOUND('',#1187,.T.);
#1286=FACE_BOUND('',#1188,.T.);
#1287=FACE_BOUND('',#1189,.T.);
#1288=FACE_BOUND('',#1190,.T.);
#1289=FACE_BOUND('',#1191,.T.);
#1290=FACE_BOUND('',#1192,.T.);
#1291=FACE_BOUND('',#1193,.T.);
#1292=FACE_BOUND('',#1194,.T.);
#1293=FACE_BOUND('',#1195,.T.);
#1294=FACE_BOUND('',#1196,.T.);
#1295=FACE_BOUND('',#1197,.T.);
#1296=FACE_BOUND('',#1198,.T.);
#1297=FACE_BOUND('',#1199,.T.);
#1298=FACE_BOUND('',#1200,.T.);
#1299=FACE_BOUND('',#1201,.T.);
#1300=FACE_BOUND('',#1202,.T.);
#1301=FACE_BOUND('',#1203,.T.);
#1302=FACE_BOUND('',#1204,.T.);
#1303=FACE_BOUND('',#1205,.T.);
#1304=FACE_BOUND('',#1206,.T.);
#1305=FACE_BOUND('',#1207,.T.);
#1306=FACE_BOUND('',#1208,.T.);
#1307=FACE_BOUND('',#1209,.T.);
#1308=FACE_BOUND('',#1210,.T.);
#1309=FACE_BOUND('',#1211,.T.);
#1310=FACE_BOUND('',#1212,.T.);
#1311=FACE_BOUND('',#1213,.T.);
#1312=FACE_BOUND('',#1214,.T.);
#1313=FACE_BOUND('',#1215,.T.);
#1314=FACE_BOUND('',#1216,.T.);
#1315=FACE_BOUND('',#1217,.T.);
#1316=FACE_BOUND('',#1218,.T.);
#1317=FACE_BOUND('',#1219,.T.);
#1318=FACE_BOUND('',#1220,.T.);
#1319=FACE_BOUND('',#1221,.T.);
#1320=FACE_BOUND('',#1222,.T.);
#1321=FACE_BOUND('',#1223,.T.);
#1322=FACE_BOUND('',#1224,.T.);
#1323=FACE_BOUND('',#1225,.T.);
#1324=FACE_BOUND('',#1226,.T.);
#1325=FACE_BOUND('',#1227,.T.);
#1326=FACE_BOUND('',#1228,.T.);
#1327=FACE_BOUND('',#1229,.T.);
#1328=FACE_BOUND('',#1230,.T.);
#1329=FACE_BOUND('',#1231,.T.);
#1330=FACE_BOUND('',#1232,.T.);
#1331=FACE_BOUND('',#1233,.T.);
#1332=FACE_BOUND('',#1234,.T.);
#1333=FACE_BOUND('',#1235,.T.);
#1334=FACE_BOUND('',#1236,.T.);
#1335=FACE_BOUND('',#1237,.T.);
#1336=FACE_BOUND('',#1238,.T.);
#1337=FACE_BOUND('',#1239,.T.);
#1338=FACE_BOUND('',#1240,.T.);
#1339=FACE_BOUND('',#1241,.T.);
#1340=FACE_BOUND('',#1242,.T.);
#1341=FACE_BOUND('',#1243,.T.);
#1342=FACE_BOUND('',#1244,.T.);
#1343=FACE_BOUND('',#1245,.T.);
#1344=FACE_BOUND('',#1246,.T.);
#1345=FACE_BOUND('',#1247,.T.);
#1346=FACE_BOUND('',#1248,.T.);
#1347=FACE_BOUND('',#1249,.T.);
#1348=FACE_BOUND('',#1250,.T.);
#1349=FACE_BOUND('',#1251,.T.);
#1350=FACE_BOUND('',#1252,.T.);
#1351=FACE_BOUND('',#1253,.T.);
#1352=FACE_BOUND('',#1254,.T.);
#1353=FACE_BOUND('',#1255,.T.);
#1354=FACE_BOUND('',#1256,.T.);
#1355=PLANE('',#1587);
#1356=PLANE('',#1588);
#1357=PLANE('',#1589);
#1358=PLANE('',#1590);
#1359=PLANE('',#1591);
#1360=PLANE('',#1593);
#1361=PLANE('',#1596);
#1362=PLANE('',#1598);
#1363=PLANE('',#1599);
#1364=PLANE('',#1600);
#1365=PLANE('',#1601);
#1366=PLANE('',#1602);
#1367=PLANE('',#1603);
#1368=PLANE('',#1604);
#1369=PLANE('',#1605);
#1370=PLANE('',#1606);
#1371=PLANE('',#1607);
#1372=PLANE('',#1608);
#1373=PLANE('',#1609);
#1374=PLANE('',#1610);
#1375=PLANE('',#1611);
#1376=PLANE('',#1612);
#1377=PLANE('',#1613);
#1378=PLANE('',#1614);
#1379=PLANE('',#1615);
#1380=PLANE('',#1616);
#1381=PLANE('',#1617);
#1382=PLANE('',#1618);
#1383=PLANE('',#1619);
#1384=PLANE('',#1620);
#1385=PLANE('',#1621);
#1386=PLANE('',#1623);
#1387=PLANE('',#1624);
#1388=PLANE('',#1625);
#1389=PLANE('',#1626);
#1390=PLANE('',#1627);
#1391=PLANE('',#1628);
#1392=PLANE('',#1629);
#1393=PLANE('',#1630);
#1394=PLANE('',#1631);
#1395=PLANE('',#1632);
#1396=PLANE('',#1633);
#1397=PLANE('',#1634);
#1398=PLANE('',#1635);
#1399=PLANE('',#1636);
#1400=PLANE('',#1641);
#1401=PLANE('',#1642);
#1402=PLANE('',#1646);
#1403=PLANE('',#1647);
#1404=PLANE('',#1648);
#1405=PLANE('',#1649);
#1406=PLANE('',#1650);
#1407=PLANE('',#1651);
#1408=PLANE('',#1653);
#1409=PLANE('',#1654);
#1410=PLANE('',#1655);
#1411=PLANE('',#1657);
#1412=PLANE('',#1658);
#1413=PLANE('',#1659);
#1414=PLANE('',#1660);
#1415=PLANE('',#1661);
#1416=PLANE('',#1667);
#1417=PLANE('',#1668);
#1418=PLANE('',#1669);
#1419=PLANE('',#1672);
#1420=PLANE('',#1677);
#1421=PLANE('',#1678);
#1422=PLANE('',#1679);
#1423=PLANE('',#1687);
#1424=PLANE('',#1688);
#1425=PLANE('',#1689);
#1426=PLANE('',#1693);
#1427=PLANE('',#1695);
#1428=ADVANCED_FACE('',(#1257),#1355,.F.);
#1429=ADVANCED_FACE('',(#1258),#1356,.T.);
#1430=ADVANCED_FACE('',(#1259),#1357,.T.);
#1431=ADVANCED_FACE('',(#1260),#1358,.F.);
#1432=ADVANCED_FACE('',(#1261,#1262),#1359,.F.);
#1433=ADVANCED_FACE('',(#1263),#1360,.T.);
#1434=ADVANCED_FACE('',(#1264,#1265),#48,.T.);
#1435=ADVANCED_FACE('',(#1266),#1361,.F.);
#1436=ADVANCED_FACE('',(#1267),#1362,.F.);
#1437=ADVANCED_FACE('',(#1268),#1363,.F.);
#1438=ADVANCED_FACE('',(#1269),#1364,.T.);
#1439=ADVANCED_FACE('',(#1270),#1365,.F.);
#1440=ADVANCED_FACE('',(#1271),#1366,.F.);
#1441=ADVANCED_FACE('',(#1272),#1367,.F.);
#1442=ADVANCED_FACE('',(#1273),#1368,.F.);
#1443=ADVANCED_FACE('',(#1274),#1369,.F.);
#1444=ADVANCED_FACE('',(#1275),#1370,.F.);
#1445=ADVANCED_FACE('',(#1276),#1371,.T.);
#1446=ADVANCED_FACE('',(#1277),#1372,.F.);
#1447=ADVANCED_FACE('',(#1278),#1373,.F.);
#1448=ADVANCED_FACE('',(#1279),#1374,.T.);
#1449=ADVANCED_FACE('',(#1280),#1375,.F.);
#1450=ADVANCED_FACE('',(#1281),#1376,.T.);
#1451=ADVANCED_FACE('',(#1282),#1377,.T.);
#1452=ADVANCED_FACE('',(#1283),#1378,.T.);
#1453=ADVANCED_FACE('',(#1284),#1379,.T.);
#1454=ADVANCED_FACE('',(#1285),#1380,.T.);
#1455=ADVANCED_FACE('',(#1286),#1381,.T.);
#1456=ADVANCED_FACE('',(#1287),#1382,.T.);
#1457=ADVANCED_FACE('',(#1288),#1383,.T.);
#1458=ADVANCED_FACE('',(#1289),#1384,.T.);
#1459=ADVANCED_FACE('',(#1290),#1385,.T.);
#1460=ADVANCED_FACE('',(#1291),#1386,.T.);
#1461=ADVANCED_FACE('',(#1292),#1387,.F.);
#1462=ADVANCED_FACE('',(#1293),#1388,.T.);
#1463=ADVANCED_FACE('',(#1294),#1389,.T.);
#1464=ADVANCED_FACE('',(#1295),#1390,.T.);
#1465=ADVANCED_FACE('',(#1296),#1391,.T.);
#1466=ADVANCED_FACE('',(#1297),#1392,.T.);
#1467=ADVANCED_FACE('',(#1298),#1393,.T.);
#1468=ADVANCED_FACE('',(#1299),#1394,.T.);
#1469=ADVANCED_FACE('',(#1300),#1395,.T.);
#1470=ADVANCED_FACE('',(#1301),#1396,.F.);
#1471=ADVANCED_FACE('',(#1302),#1397,.T.);
#1472=ADVANCED_FACE('',(#1303),#1398,.T.);
#1473=ADVANCED_FACE('',(#1304),#1399,.F.);
#1474=ADVANCED_FACE('',(#1305,#1306),#49,.T.);
#1475=ADVANCED_FACE('',(#1307),#1400,.T.);
#1476=ADVANCED_FACE('',(#1308,#1309),#1401,.F.);
#1477=ADVANCED_FACE('',(#1310,#1311),#50,.T.);
#1478=ADVANCED_FACE('',(#1312),#1402,.T.);
#1479=ADVANCED_FACE('',(#1313),#1403,.F.);
#1480=ADVANCED_FACE('',(#1314),#1404,.F.);
#1481=ADVANCED_FACE('',(#1315),#1405,.T.);
#1482=ADVANCED_FACE('',(#1316),#1406,.T.);
#1483=ADVANCED_FACE('',(#1317,#1318),#1407,.F.);
#1484=ADVANCED_FACE('',(#1319),#1408,.F.);
#1485=ADVANCED_FACE('',(#1320),#1409,.T.);
#1486=ADVANCED_FACE('',(#1321),#1410,.F.);
#1487=ADVANCED_FACE('',(#1322),#1411,.T.);
#1488=ADVANCED_FACE('',(#1323),#1412,.F.);
#1489=ADVANCED_FACE('',(#1324),#1413,.T.);
#1490=ADVANCED_FACE('',(#1325),#1414,.T.);
#1491=ADVANCED_FACE('',(#1326),#1415,.F.);
#1492=ADVANCED_FACE('',(#1327),#51,.T.);
#1493=ADVANCED_FACE('',(#1328),#52,.F.);
#1494=ADVANCED_FACE('',(#1329),#1416,.T.);
#1495=ADVANCED_FACE('',(#1330),#1417,.F.);
#1496=ADVANCED_FACE('',(#1331,#1332),#1418,.T.);
#1497=ADVANCED_FACE('',(#1333,#1334),#1419,.T.);
#1498=ADVANCED_FACE('',(#1335),#53,.T.);
#1499=ADVANCED_FACE('',(#1336,#1337),#54,.F.);
#1500=ADVANCED_FACE('',(#1338),#1420,.F.);
#1501=ADVANCED_FACE('',(#1339),#1421,.F.);
#1502=ADVANCED_FACE('',(#1340),#1422,.T.);
#1503=ADVANCED_FACE('',(#1341),#55,.F.);
#1504=ADVANCED_FACE('',(#1342),#56,.T.);
#1505=ADVANCED_FACE('',(#1343),#1423,.T.);
#1506=ADVANCED_FACE('',(#1344),#1424,.F.);
#1507=ADVANCED_FACE('',(#1345),#1425,.F.);
#1508=ADVANCED_FACE('',(#1346,#1347,#1348),#57,.T.);
#1509=ADVANCED_FACE('',(#1349,#1350),#1426,.T.);
#1510=ADVANCED_FACE('',(#1351,#1352),#1427,.F.);
#1511=ADVANCED_FACE('',(#1353,#1354),#58,.F.);
#1512=CLOSED_SHELL('',(#1428,#1429,#1430,#1431,#1432,#1433,#1434,#1435));
#1513=CLOSED_SHELL('',(#1436,#1437,#1438,#1439,#1440,#1441,#1442,#1443,
#1444,#1445,#1446,#1447,#1448,#1449,#1450,#1451,#1452,#1453,#1454,#1455,
#1456,#1457,#1458,#1459));
#1514=CLOSED_SHELL('',(#1460,#1461,#1462,#1463,#1464,#1465,#1466,#1467,
#1468,#1469,#1470,#1471,#1472,#1473));
#1515=CLOSED_SHELL('',(#1474,#1475,#1476,#1477,#1478,#1479,#1480,#1481,
#1482,#1483));
#1516=CLOSED_SHELL('',(#1484,#1485,#1486,#1487,#1488,#1489,#1490,#1491,
#1492,#1493,#1494,#1495,#1496,#1497,#1498,#1499,#1500,#1501,#1502));
#1517=CLOSED_SHELL('',(#1503,#1504,#1505,#1506,#1507,#1508,#1509,#1510,
#1511));
#1518=STYLED_ITEM('',(#1524),#1566);
#1519=STYLED_ITEM('',(#1525),#1567);
#1520=STYLED_ITEM('',(#1526),#1568);
#1521=STYLED_ITEM('',(#1527),#1569);
#1522=STYLED_ITEM('',(#1528),#1570);
#1523=STYLED_ITEM('',(#1529),#1571);
#1524=PRESENTATION_STYLE_ASSIGNMENT((#1530));
#1525=PRESENTATION_STYLE_ASSIGNMENT((#1531));
#1526=PRESENTATION_STYLE_ASSIGNMENT((#1532));
#1527=PRESENTATION_STYLE_ASSIGNMENT((#1533));
#1528=PRESENTATION_STYLE_ASSIGNMENT((#1534));
#1529=PRESENTATION_STYLE_ASSIGNMENT((#1535));
#1530=SURFACE_STYLE_USAGE(.BOTH.,#1536);
#1531=SURFACE_STYLE_USAGE(.BOTH.,#1537);
#1532=SURFACE_STYLE_USAGE(.BOTH.,#1538);
#1533=SURFACE_STYLE_USAGE(.BOTH.,#1539);
#1534=SURFACE_STYLE_USAGE(.BOTH.,#1540);
#1535=SURFACE_STYLE_USAGE(.BOTH.,#1541);
#1536=SURFACE_SIDE_STYLE('',(#1542));
#1537=SURFACE_SIDE_STYLE('',(#1543));
#1538=SURFACE_SIDE_STYLE('',(#1544));
#1539=SURFACE_SIDE_STYLE('',(#1545));
#1540=SURFACE_SIDE_STYLE('',(#1546));
#1541=SURFACE_SIDE_STYLE('',(#1547));
#1542=SURFACE_STYLE_FILL_AREA(#1548);
#1543=SURFACE_STYLE_FILL_AREA(#1549);
#1544=SURFACE_STYLE_FILL_AREA(#1550);
#1545=SURFACE_STYLE_FILL_AREA(#1551);
#1546=SURFACE_STYLE_FILL_AREA(#1552);
#1547=SURFACE_STYLE_FILL_AREA(#1553);
#1548=FILL_AREA_STYLE('',(#1554));
#1549=FILL_AREA_STYLE('',(#1555));
#1550=FILL_AREA_STYLE('',(#1556));
#1551=FILL_AREA_STYLE('',(#1557));
#1552=FILL_AREA_STYLE('',(#1558));
#1553=FILL_AREA_STYLE('',(#1559));
#1554=FILL_AREA_STYLE_COLOUR('',#1560);
#1555=FILL_AREA_STYLE_COLOUR('',#1561);
#1556=FILL_AREA_STYLE_COLOUR('',#1562);
#1557=FILL_AREA_STYLE_COLOUR('',#1563);
#1558=FILL_AREA_STYLE_COLOUR('',#1564);
#1559=FILL_AREA_STYLE_COLOUR('',#1565);
#1560=COLOUR_RGB('',0.972549019607843,0.529411764705882,0.00392156862745098);
#1561=COLOUR_RGB('',0.325490196078431,0.529411764705882,0.752941176470588);
#1562=COLOUR_RGB('',0.917647058823529,0.917647058823529,0.917647058823529);
#1563=COLOUR_RGB('',0.647058823529412,0.647058823529412,0.647058823529412);
#1564=COLOUR_RGB('',0.768627450980392,0.886274509803922,0.952941176470588);
#1565=COLOUR_RGB('',0.615686274509804,0.811764705882353,0.929411764705882);
#1566=MANIFOLD_SOLID_BREP('Part 6',#1512);
#1567=MANIFOLD_SOLID_BREP('Part 3',#1513);
#1568=MANIFOLD_SOLID_BREP('Part 4',#1514);
#1569=MANIFOLD_SOLID_BREP('Part 2',#1515);
#1570=MANIFOLD_SOLID_BREP('Part 5',#1516);
#1571=MANIFOLD_SOLID_BREP('Part 1',#1517);
#1572=SHAPE_DEFINITION_REPRESENTATION(#2548,#1579);
#1573=SHAPE_DEFINITION_REPRESENTATION(#2549,#1580);
#1574=SHAPE_DEFINITION_REPRESENTATION(#2551,#1581);
#1575=SHAPE_DEFINITION_REPRESENTATION(#2553,#1582);
#1576=SHAPE_DEFINITION_REPRESENTATION(#2555,#1583);
#1577=SHAPE_DEFINITION_REPRESENTATION(#2557,#1584);
#1578=SHAPE_DEFINITION_REPRESENTATION(#2559,#1585);
#1579=SHAPE_REPRESENTATION('craniotomy_simulator',(#1586,#1597,#1622,#1637,
#1652,#1680,#1698),#2531);
#1580=SHAPE_REPRESENTATION('Part 6',(#1586),#2532);
#1581=SHAPE_REPRESENTATION('Part 3',(#1586),#2533);
#1582=SHAPE_REPRESENTATION('Part 4',(#1586),#2534);
#1583=SHAPE_REPRESENTATION('Part 2',(#1586),#2535);
#1584=SHAPE_REPRESENTATION('Part 5',(#1586),#2536);
#1585=SHAPE_REPRESENTATION('Part 1',(#1586),#2537);
#1586=AXIS2_PLACEMENT_3D('',#2099,#1699,#1700);
#1587=AXIS2_PLACEMENT_3D('',#2100,#1701,#1702);
#1588=AXIS2_PLACEMENT_3D('',#2109,#1707,#1708);
#1589=AXIS2_PLACEMENT_3D('',#2115,#1712,#1713);
#1590=AXIS2_PLACEMENT_3D('',#2121,#1717,#1718);
#1591=AXIS2_PLACEMENT_3D('',#2124,#1721,#1722);
#1592=AXIS2_PLACEMENT_3D('',#2125,#1723,#1724);
#1593=AXIS2_PLACEMENT_3D('',#2127,#1725,#1726);
#1594=AXIS2_PLACEMENT_3D('',#2128,#1727,#1728);
#1595=AXIS2_PLACEMENT_3D('',#2129,#1729,#1730);
#1596=AXIS2_PLACEMENT_3D('',#2131,#1731,#1732);
#1597=AXIS2_PLACEMENT_3D('',#2132,#1733,#1734);
#1598=AXIS2_PLACEMENT_3D('',#2133,#1735,#1736);
#1599=AXIS2_PLACEMENT_3D('',#2142,#1741,#1742);
#1600=AXIS2_PLACEMENT_3D('',#2148,#1746,#1747);
#1601=AXIS2_PLACEMENT_3D('',#2154,#1751,#1752);
#1602=AXIS2_PLACEMENT_3D('',#2160,#1756,#1757);
#1603=AXIS2_PLACEMENT_3D('',#2186,#1771,#1772);
#1604=AXIS2_PLACEMENT_3D('',#2192,#1776,#1777);
#1605=AXIS2_PLACEMENT_3D('',#2218,#1791,#1792);
#1606=AXIS2_PLACEMENT_3D('',#2224,#1796,#1797);
#1607=AXIS2_PLACEMENT_3D('',#2230,#1801,#1802);
#1608=AXIS2_PLACEMENT_3D('',#2236,#1806,#1807);
#1609=AXIS2_PLACEMENT_3D('',#2242,#1811,#1812);
#1610=AXIS2_PLACEMENT_3D('',#2245,#1815,#1816);
#1611=AXIS2_PLACEMENT_3D('',#2247,#1818,#1819);
#1612=AXIS2_PLACEMENT_3D('',#2248,#1820,#1821);
#1613=AXIS2_PLACEMENT_3D('',#2250,#1823,#1824);
#1614=AXIS2_PLACEMENT_3D('',#2252,#1826,#1827);
#1615=AXIS2_PLACEMENT_3D('',#2254,#1829,#1830);
#1616=AXIS2_PLACEMENT_3D('',#2256,#1832,#1833);
#1617=AXIS2_PLACEMENT_3D('',#2258,#1835,#1836);
#1618=AXIS2_PLACEMENT_3D('',#2260,#1838,#1839);
#1619=AXIS2_PLACEMENT_3D('',#2262,#1841,#1842);
#1620=AXIS2_PLACEMENT_3D('',#2264,#1844,#1845);
#1621=AXIS2_PLACEMENT_3D('',#2266,#1847,#1848);
#1622=AXIS2_PLACEMENT_3D('',#2267,#1849,#1850);
#1623=AXIS2_PLACEMENT_3D('',#2268,#1851,#1852);
#1624=AXIS2_PLACEMENT_3D('',#2277,#1857,#1858);
#1625=AXIS2_PLACEMENT_3D('',#2283,#1862,#1863);
#1626=AXIS2_PLACEMENT_3D('',#2289,#1867,#1868);
#1627=AXIS2_PLACEMENT_3D('',#2295,#1872,#1873);
#1628=AXIS2_PLACEMENT_3D('',#2301,#1877,#1878);
#1629=AXIS2_PLACEMENT_3D('',#2307,#1882,#1883);
#1630=AXIS2_PLACEMENT_3D('',#2313,#1887,#1888);
#1631=AXIS2_PLACEMENT_3D('',#2319,#1892,#1893);
#1632=AXIS2_PLACEMENT_3D('',#2325,#1897,#1898);
#1633=AXIS2_PLACEMENT_3D('',#2331,#1902,#1903);
#1634=AXIS2_PLACEMENT_3D('',#2337,#1907,#1908);
#1635=AXIS2_PLACEMENT_3D('',#2340,#1911,#1912);
#1636=AXIS2_PLACEMENT_3D('',#2341,#1913,#1914);
#1637=AXIS2_PLACEMENT_3D('',#2342,#1915,#1916);
#1638=AXIS2_PLACEMENT_3D('',#2343,#1917,#1918);
#1639=AXIS2_PLACEMENT_3D('',#2344,#1919,#1920);
#1640=AXIS2_PLACEMENT_3D('',#2346,#1921,#1922);
#1641=AXIS2_PLACEMENT_3D('',#2348,#1923,#1924);
#1642=AXIS2_PLACEMENT_3D('',#2349,#1925,#1926);
#1643=AXIS2_PLACEMENT_3D('',#2350,#1927,#1928);
#1644=AXIS2_PLACEMENT_3D('',#2352,#1929,#1930);
#1645=AXIS2_PLACEMENT_3D('',#2353,#1931,#1932);
#1646=AXIS2_PLACEMENT_3D('',#2355,#1933,#1934);
#1647=AXIS2_PLACEMENT_3D('',#2364,#1939,#1940);
#1648=AXIS2_PLACEMENT_3D('',#2370,#1944,#1945);
#1649=AXIS2_PLACEMENT_3D('',#2376,#1949,#1950);
#1650=AXIS2_PLACEMENT_3D('',#2379,#1953,#1954);
#1651=AXIS2_PLACEMENT_3D('',#2380,#1955,#1956);
#1652=AXIS2_PLACEMENT_3D('',#2381,#1957,#1958);
#1653=AXIS2_PLACEMENT_3D('',#2382,#1959,#1960);
#1654=AXIS2_PLACEMENT_3D('',#2399,#1969,#1970);
#1655=AXIS2_PLACEMENT_3D('',#2405,#1974,#1975);
#1656=AXIS2_PLACEMENT_3D('',#2419,#1982,#1983);
#1657=AXIS2_PLACEMENT_3D('',#2422,#1985,#1986);
#1658=AXIS2_PLACEMENT_3D('',#2433,#1993,#1994);
#1659=AXIS2_PLACEMENT_3D('',#2442,#2000,#2001);
#1660=AXIS2_PLACEMENT_3D('',#2452,#2007,#2008);
#1661=AXIS2_PLACEMENT_3D('',#2461,#2014,#2015);
#1662=AXIS2_PLACEMENT_3D('',#2462,#2016,#2017);
#1663=AXIS2_PLACEMENT_3D('',#2463,#2018,#2019);
#1664=AXIS2_PLACEMENT_3D('',#2464,#2020,#2021);
#1665=AXIS2_PLACEMENT_3D('',#2465,#2022,#2023);
#1666=AXIS2_PLACEMENT_3D('',#2466,#2024,#2025);
#1667=AXIS2_PLACEMENT_3D('',#2467,#2026,#2027);
#1668=AXIS2_PLACEMENT_3D('',#2468,#2028,#2029);
#1669=AXIS2_PLACEMENT_3D('',#2470,#2031,#2032);
#1670=AXIS2_PLACEMENT_3D('',#2471,#2033,#2034);
#1671=AXIS2_PLACEMENT_3D('',#2473,#2035,#2036);
#1672=AXIS2_PLACEMENT_3D('',#2474,#2037,#2038);
#1673=AXIS2_PLACEMENT_3D('',#2475,#2039,#2040);
#1674=AXIS2_PLACEMENT_3D('',#2477,#2041,#2042);
#1675=AXIS2_PLACEMENT_3D('',#2478,#2043,#2044);
#1676=AXIS2_PLACEMENT_3D('',#2479,#2045,#2046);
#1677=AXIS2_PLACEMENT_3D('',#2480,#2047,#2048);
#1678=AXIS2_PLACEMENT_3D('',#2482,#2050,#2051);
#1679=AXIS2_PLACEMENT_3D('',#2484,#2053,#2054);
#1680=AXIS2_PLACEMENT_3D('',#2485,#2055,#2056);
#1681=AXIS2_PLACEMENT_3D('',#2486,#2057,#2058);
#1682=AXIS2_PLACEMENT_3D('',#2487,#2059,#2060);
#1683=AXIS2_PLACEMENT_3D('',#2495,#2061,#2062);
#1684=AXIS2_PLACEMENT_3D('',#2498,#2064,#2065);
#1685=AXIS2_PLACEMENT_3D('',#2505,#2066,#2067);
#1686=AXIS2_PLACEMENT_3D('',#2509,#2069,#2070);
#1687=AXIS2_PLACEMENT_3D('',#2510,#2071,#2072);
#1688=AXIS2_PLACEMENT_3D('',#2513,#2075,#2076);
#1689=AXIS2_PLACEMENT_3D('',#2516,#2079,#2080);
#1690=AXIS2_PLACEMENT_3D('',#2517,#2081,#2082);
#1691=AXIS2_PLACEMENT_3D('',#2518,#2083,#2084);
#1692=AXIS2_PLACEMENT_3D('',#2520,#2085,#2086);
#1693=AXIS2_PLACEMENT_3D('',#2522,#2087,#2088);
#1694=AXIS2_PLACEMENT_3D('',#2523,#2089,#2090);
#1695=AXIS2_PLACEMENT_3D('',#2525,#2091,#2092);
#1696=AXIS2_PLACEMENT_3D('',#2526,#2093,#2094);
#1697=AXIS2_PLACEMENT_3D('',#2528,#2095,#2096);
#1698=AXIS2_PLACEMENT_3D('',#2529,#2097,#2098);
#1699=DIRECTION('',(0.,0.,1.));
#1700=DIRECTION('',(1.,0.,0.));
#1701=DIRECTION('',(0.,1.,0.));
#1702=DIRECTION('',(0.,0.,1.));
#1703=DIRECTION('',(-1.,0.,0.));
#1704=DIRECTION('',(0.,0.,1.));
#1705=DIRECTION('',(-1.,0.,0.));
#1706=DIRECTION('',(0.,0.,1.));
#1707=DIRECTION('',(1.,1.23908819712629E-16,0.));
#1708=DIRECTION('',(-1.23908819712629E-16,1.,0.));
#1709=DIRECTION('',(-1.23908819712629E-16,1.,0.));
#1710=DIRECTION('',(-1.23908819712629E-16,1.,0.));
#1711=DIRECTION('',(0.,0.,1.));
#1712=DIRECTION('',(-1.7347234759768E-16,1.,0.));
#1713=DIRECTION('',(-1.,-1.7347234759768E-16,0.));
#1714=DIRECTION('',(-1.,-1.7347234759768E-16,0.));
#1715=DIRECTION('',(-1.,-1.7347234759768E-16,0.));
#1716=DIRECTION('',(0.,0.,1.));
#1717=DIRECTION('',(1.,1.23908819712629E-16,0.));
#1718=DIRECTION('',(-1.23908819712629E-16,1.,0.));
#1719=DIRECTION('',(-1.23908819712629E-16,1.,0.));
#1720=DIRECTION('',(-1.23908819712629E-16,1.,0.));
#1721=DIRECTION('',(0.,0.,1.));
#1722=DIRECTION('',(1.,0.,0.));
#1723=DIRECTION('',(0.,0.,1.));
#1724=DIRECTION('',(1.,0.,0.));
#1725=DIRECTION('',(0.,0.,1.));
#1726=DIRECTION('',(1.,0.,0.));
#1727=DIRECTION('',(0.,0.,1.));
#1728=DIRECTION('',(1.,0.,0.));
#1729=DIRECTION('',(0.,0.,1.));
#1730=DIRECTION('',(1.,0.,0.));
#1731=DIRECTION('',(0.,0.,1.));
#1732=DIRECTION('',(1.,0.,0.));
#1733=DIRECTION('',(0.334822980318686,0.0796277267468137,0.938910537263081));
#1734=DIRECTION('',(0.942281047167199,-0.0282943107744006,-0.333625328965426));
#1735=DIRECTION('',(0.,-1.,0.));
#1736=DIRECTION('',(0.,0.,-1.));
#1737=DIRECTION('',(-1.,0.,0.));
#1738=DIRECTION('',(0.,0.,-1.));
#1739=DIRECTION('',(-1.,0.,0.));
#1740=DIRECTION('',(0.,0.,-1.));
#1741=DIRECTION('',(-1.,0.,0.));
#1742=DIRECTION('',(0.,0.,1.));
#1743=DIRECTION('',(0.,1.,0.));
#1744=DIRECTION('',(0.,0.,-1.));
#1745=DIRECTION('',(0.,1.,0.));
#1746=DIRECTION('',(0.,1.,0.));
#1747=DIRECTION('',(0.,0.,1.));
#1748=DIRECTION('',(1.,0.,0.));
#1749=DIRECTION('',(0.,0.,-1.));
#1750=DIRECTION('',(1.,0.,0.));
#1751=DIRECTION('',(1.,0.,0.));
#1752=DIRECTION('',(0.,0.,-1.));
#1753=DIRECTION('',(0.,-1.,0.));
#1754=DIRECTION('',(0.,0.,-1.));
#1755=DIRECTION('',(0.,-1.,0.));
#1756=DIRECTION('',(0.,1.,0.));
#1757=DIRECTION('',(0.,0.,1.));
#1758=DIRECTION('',(1.,0.,0.));
#1759=DIRECTION('',(0.,0.,-1.));
#1760=DIRECTION('',(1.,0.,0.));
#1761=DIRECTION('',(0.,0.,1.));
#1762=DIRECTION('',(-1.,0.,-2.89120579329468E-16));
#1763=DIRECTION('',(0.,0.,-1.));
#1764=DIRECTION('',(-1.,0.,0.));
#1765=DIRECTION('',(0.,0.,1.));
#1766=DIRECTION('',(1.,0.,0.));
#1767=DIRECTION('',(0.,0.,-1.));
#1768=DIRECTION('',(1.,0.,0.));
#1769=DIRECTION('',(0.,0.,1.));
#1770=DIRECTION('',(1.,0.,0.));
#1771=DIRECTION('',(-1.,0.,0.));
#1772=DIRECTION('',(0.,0.,1.));
#1773=DIRECTION('',(0.,0.,-1.));
#1774=DIRECTION('',(0.,-1.,0.));
#1775=DIRECTION('',(0.,1.,0.));
#1776=DIRECTION('',(0.,-1.,0.));
#1777=DIRECTION('',(0.,0.,-1.));
#1778=DIRECTION('',(-1.,0.,0.));
#1779=DIRECTION('',(0.,0.,-1.));
#1780=DIRECTION('',(-1.,0.,0.));
#1781=DIRECTION('',(0.,0.,1.));
#1782=DIRECTION('',(1.,0.,0.));
#1783=DIRECTION('',(0.,0.,-1.));
#1784=DIRECTION('',(1.,0.,0.));
#1785=DIRECTION('',(0.,0.,1.));
#1786=DIRECTION('',(-1.,0.,0.));
#1787=DIRECTION('',(0.,0.,-1.));
#1788=DIRECTION('',(-1.,0.,-2.89120579329468E-16));
#1789=DIRECTION('',(0.,0.,1.));
#1790=DIRECTION('',(1.,0.,0.));
#1791=DIRECTION('',(1.,0.,0.));
#1792=DIRECTION('',(0.,0.,-1.));
#1793=DIRECTION('',(0.,-1.,0.));
#1794=DIRECTION('',(0.,0.,-1.));
#1795=DIRECTION('',(0.,-1.,0.));
#1796=DIRECTION('',(0.,1.,0.));
#1797=DIRECTION('',(0.,0.,1.));
#1798=DIRECTION('',(1.,0.,0.));
#1799=DIRECTION('',(0.,0.,-1.));
#1800=DIRECTION('',(1.,0.,0.));
#1801=DIRECTION('',(1.,0.,0.));
#1802=DIRECTION('',(0.,0.,-1.));
#1803=DIRECTION('',(0.,-1.,0.));
#1804=DIRECTION('',(0.,0.,-1.));
#1805=DIRECTION('',(0.,-1.,0.));
#1806=DIRECTION('',(0.,1.,0.));
#1807=DIRECTION('',(0.,0.,1.));
#1808=DIRECTION('',(1.,0.,0.));
#1809=DIRECTION('',(0.,0.,-1.));
#1810=DIRECTION('',(1.,0.,0.));
#1811=DIRECTION('',(1.,0.,0.));
#1812=DIRECTION('',(0.,0.,-1.));
#1813=DIRECTION('',(0.,-1.,0.));
#1814=DIRECTION('',(0.,-1.,0.));
#1815=DIRECTION('',(0.,0.,1.));
#1816=DIRECTION('',(1.,0.,0.));
#1817=DIRECTION('',(0.,-1.,0.));
#1818=DIRECTION('',(0.,0.,1.));
#1819=DIRECTION('',(1.,0.,0.));
#1820=DIRECTION('',(0.,0.,-1.));
#1821=DIRECTION('',(-1.,0.,0.));
#1822=DIRECTION('',(0.,-1.,0.));
#1823=DIRECTION('',(1.,0.,0.));
#1824=DIRECTION('',(0.,0.,-1.));
#1825=DIRECTION('',(0.,-1.,0.));
#1826=DIRECTION('',(-2.89120579329468E-16,0.,1.));
#1827=DIRECTION('',(1.,0.,2.89120579329468E-16));
#1828=DIRECTION('',(0.,-1.,0.));
#1829=DIRECTION('',(-1.,0.,0.));
#1830=DIRECTION('',(0.,0.,1.));
#1831=DIRECTION('',(0.,-1.,0.));
#1832=DIRECTION('',(0.,0.,1.));
#1833=DIRECTION('',(1.,0.,0.));
#1834=DIRECTION('',(0.,-1.,0.));
#1835=DIRECTION('',(1.,0.,0.));
#1836=DIRECTION('',(0.,0.,-1.));
#1837=DIRECTION('',(0.,-1.,0.));
#1838=DIRECTION('',(0.,0.,-1.));
#1839=DIRECTION('',(-1.,0.,0.));
#1840=DIRECTION('',(0.,-1.,0.));
#1841=DIRECTION('',(-1.,0.,0.));
#1842=DIRECTION('',(0.,0.,1.));
#1843=DIRECTION('',(0.,-1.,0.));
#1844=DIRECTION('',(0.,0.,-1.));
#1845=DIRECTION('',(-1.,0.,0.));
#1846=DIRECTION('',(0.,-1.,0.));
#1847=DIRECTION('',(1.,0.,0.));
#1848=DIRECTION('',(0.,0.,-1.));
#1849=DIRECTION('',(0.,0.,1.));
#1850=DIRECTION('',(1.,0.,0.));
#1851=DIRECTION('',(0.,0.,1.));
#1852=DIRECTION('',(1.,0.,0.));
#1853=DIRECTION('',(1.,0.,0.));
#1854=DIRECTION('',(0.,1.,0.));
#1855=DIRECTION('',(1.,0.,0.));
#1856=DIRECTION('',(0.,1.,0.));
#1857=DIRECTION('',(1.,0.,0.));
#1858=DIRECTION('',(0.,0.,-1.));
#1859=DIRECTION('',(0.,0.,-1.));
#1860=DIRECTION('',(0.,1.,0.));
#1861=DIRECTION('',(0.,0.,-1.));
#1862=DIRECTION('',(0.,0.,-1.));
#1863=DIRECTION('',(-1.,0.,0.));
#1864=DIRECTION('',(-1.,0.,0.));
#1865=DIRECTION('',(0.,1.,0.));
#1866=DIRECTION('',(-1.,0.,0.));
#1867=DIRECTION('',(1.,0.,0.));
#1868=DIRECTION('',(0.,0.,-1.));
#1869=DIRECTION('',(0.,0.,-1.));
#1870=DIRECTION('',(0.,1.,0.));
#1871=DIRECTION('',(0.,0.,-1.));
#1872=DIRECTION('',(0.,0.,-1.));
#1873=DIRECTION('',(-1.,0.,0.));
#1874=DIRECTION('',(-1.,0.,0.));
#1875=DIRECTION('',(0.,1.,0.));
#1876=DIRECTION('',(-1.,0.,0.));
#1877=DIRECTION('',(-1.,0.,0.));
#1878=DIRECTION('',(0.,0.,1.));
#1879=DIRECTION('',(0.,0.,1.));
#1880=DIRECTION('',(0.,1.,0.));
#1881=DIRECTION('',(0.,0.,1.));
#1882=DIRECTION('',(0.,0.,-1.));
#1883=DIRECTION('',(-1.,0.,0.));
#1884=DIRECTION('',(-1.,0.,0.));
#1885=DIRECTION('',(0.,1.,0.));
#1886=DIRECTION('',(-1.,0.,0.));
#1887=DIRECTION('',(1.,0.,0.));
#1888=DIRECTION('',(0.,0.,-1.));
#1889=DIRECTION('',(0.,0.,-1.));
#1890=DIRECTION('',(0.,1.,0.));
#1891=DIRECTION('',(0.,0.,-1.));
#1892=DIRECTION('',(0.,0.,1.));
#1893=DIRECTION('',(1.,0.,0.));
#1894=DIRECTION('',(1.,0.,0.));
#1895=DIRECTION('',(0.,1.,0.));
#1896=DIRECTION('',(1.,0.,0.));
#1897=DIRECTION('',(-1.,0.,0.));
#1898=DIRECTION('',(0.,0.,1.));
#1899=DIRECTION('',(0.,0.,1.));
#1900=DIRECTION('',(0.,1.,0.));
#1901=DIRECTION('',(0.,0.,1.));
#1902=DIRECTION('',(0.,0.,-1.));
#1903=DIRECTION('',(-1.,0.,0.));
#1904=DIRECTION('',(-1.,0.,0.));
#1905=DIRECTION('',(0.,1.,0.));
#1906=DIRECTION('',(-1.,0.,0.));
#1907=DIRECTION('',(1.,0.,0.));
#1908=DIRECTION('',(0.,0.,-1.));
#1909=DIRECTION('',(0.,0.,-1.));
#1910=DIRECTION('',(0.,0.,-1.));
#1911=DIRECTION('',(0.,-1.,0.));
#1912=DIRECTION('',(1.,0.,0.));
#1913=DIRECTION('',(0.,-1.,0.));
#1914=DIRECTION('',(1.,0.,0.));
#1915=DIRECTION('',(0.,0.,1.));
#1916=DIRECTION('',(1.,0.,0.));
#1917=DIRECTION('',(1.,0.,0.));
#1918=DIRECTION('',(0.,0.,-1.));
#1919=DIRECTION('',(1.,0.,0.));
#1920=DIRECTION('',(0.,0.,-1.));
#1921=DIRECTION('',(1.,0.,0.));
#1922=DIRECTION('',(0.,0.,-1.));
#1923=DIRECTION('',(-1.,0.,0.));
#1924=DIRECTION('',(0.,-1.,0.));
#1925=DIRECTION('',(-1.,0.,0.));
#1926=DIRECTION('',(0.,-1.,0.));
#1927=DIRECTION('',(1.,0.,0.));
#1928=DIRECTION('',(0.,0.,-1.));
#1929=DIRECTION('',(-1.,0.,0.));
#1930=DIRECTION('',(0.,0.,1.));
#1931=DIRECTION('',(1.,0.,0.));
#1932=DIRECTION('',(0.,0.,-1.));
#1933=DIRECTION('',(0.,1.44560289664734E-16,-1.));
#1934=DIRECTION('',(0.,1.,1.44560289664734E-16));
#1935=DIRECTION('',(0.,-1.,-1.44560289664734E-16));
#1936=DIRECTION('',(-1.,0.,0.));
#1937=DIRECTION('',(0.,-1.,-1.44560289664734E-16));
#1938=DIRECTION('',(-1.,0.,0.));
#1939=DIRECTION('',(0.,-1.,0.));
#1940=DIRECTION('',(0.,0.,-1.));
#1941=DIRECTION('',(0.,0.,1.));
#1942=DIRECTION('',(-1.,0.,0.));
#1943=DIRECTION('',(0.,0.,1.));
#1944=DIRECTION('',(0.,1.44560289664734E-16,-1.));
#1945=DIRECTION('',(0.,1.,1.44560289664734E-16));
#1946=DIRECTION('',(0.,-1.,-1.44560289664734E-16));
#1947=DIRECTION('',(-1.,0.,0.));
#1948=DIRECTION('',(0.,-1.,-1.44560289664734E-16));
#1949=DIRECTION('',(0.,-1.,0.));
#1950=DIRECTION('',(0.,0.,-1.));
#1951=DIRECTION('',(0.,0.,1.));
#1952=DIRECTION('',(0.,0.,1.));
#1953=DIRECTION('',(1.,0.,0.));
#1954=DIRECTION('',(0.,1.,0.));
#1955=DIRECTION('',(1.,0.,0.));
#1956=DIRECTION('',(0.,1.,0.));
#1957=DIRECTION('',(0.,0.,1.));
#1958=DIRECTION('',(1.,0.,0.));
#1959=DIRECTION('',(0.,0.,-1.));
#1960=DIRECTION('',(-1.,0.,0.));
#1961=DIRECTION('',(-1.23908819712629E-16,1.,0.));
#1962=DIRECTION('',(-1.,0.,0.));
#1963=DIRECTION('',(0.,1.,0.));
#1964=DIRECTION('',(-1.,0.,0.));
#1965=DIRECTION('',(0.,1.,0.));
#1966=DIRECTION('',(-1.,0.,0.));
#1967=DIRECTION('',(-1.23908819712629E-16,1.,0.));
#1968=DIRECTION('',(-1.,-1.7347234759768E-16,0.));
#1969=DIRECTION('',(0.,-1.,0.));
#1970=DIRECTION('',(1.,0.,0.));
#1971=DIRECTION('',(-1.,0.,0.));
#1972=DIRECTION('',(0.,0.,1.));
#1973=DIRECTION('',(7.70988211545248E-17,0.,-1.));
#1974=DIRECTION('',(0.,-1.,0.));
#1975=DIRECTION('',(1.,0.,0.));
#1976=DIRECTION('',(-1.,0.,0.));
#1977=DIRECTION('',(0.,0.,1.));
#1978=DIRECTION('',(1.,-3.46944695195362E-16,0.));
#1979=DIRECTION('',(0.,0.,1.));
#1980=DIRECTION('',(-1.,0.,0.));
#1981=DIRECTION('',(7.70988211545248E-17,0.,-1.));
#1982=DIRECTION('',(0.,1.,0.));
#1983=DIRECTION('',(0.,0.,1.));
#1984=DIRECTION('',(7.70988211545248E-17,0.,-1.));
#1985=DIRECTION('',(1.,0.,7.70988211545248E-17));
#1986=DIRECTION('',(7.70988211545248E-17,0.,-1.));
#1987=DIRECTION('',(7.70988211545248E-17,0.,-1.));
#1988=DIRECTION('',(7.70988211545248E-17,0.,-1.));
#1989=DIRECTION('',(0.,1.,0.));
#1990=DIRECTION('',(0.,-1.,0.));
#1991=DIRECTION('',(7.70988211545248E-17,0.,-1.));
#1992=DIRECTION('',(0.,-1.,0.));
#1993=DIRECTION('',(1.,0.,7.70988211545248E-17));
#1994=DIRECTION('',(7.70988211545248E-17,0.,-1.));
#1995=DIRECTION('',(7.70988211545248E-17,0.,-1.));
#1996=DIRECTION('',(0.,-1.,0.));
#1997=DIRECTION('',(7.70988211545248E-17,0.,-1.));
#1998=DIRECTION('',(0.,-1.,0.));
#1999=DIRECTION('',(0.,1.,0.));
#2000=DIRECTION('',(0.,0.,-1.));
#2001=DIRECTION('',(-1.,0.,0.));
#2002=DIRECTION('',(1.23908819712629E-16,-1.,0.));
#2003=DIRECTION('',(1.,1.7347234759768E-16,0.));
#2004=DIRECTION('',(1.23908819712629E-16,-1.,0.));
#2005=DIRECTION('',(3.46944695195362E-16,1.,0.));
#2006=DIRECTION('',(-1.,0.,0.));
#2007=DIRECTION('',(0.,-1.,0.));
#2008=DIRECTION('',(1.,0.,0.));
#2009=DIRECTION('',(0.,0.,1.));
#2010=DIRECTION('',(0.,0.,1.));
#2011=DIRECTION('',(1.,-3.46944695195362E-16,0.));
#2012=DIRECTION('',(0.,0.,1.));
#2013=DIRECTION('',(-1.,0.,0.));
#2014=DIRECTION('',(0.,-1.,0.));
#2015=DIRECTION('',(1.,0.,0.));
#2016=DIRECTION('',(0.,1.,0.));
#2017=DIRECTION('',(0.,0.,1.));
#2018=DIRECTION('',(0.,-1.,0.));
#2019=DIRECTION('',(0.,0.,-1.));
#2020=DIRECTION('',(0.,1.,0.));
#2021=DIRECTION('',(0.,0.,1.));
#2022=DIRECTION('',(0.,-1.,0.));
#2023=DIRECTION('',(0.,0.,-1.));
#2024=DIRECTION('',(0.,1.,0.));
#2025=DIRECTION('',(0.,0.,1.));
#2026=DIRECTION('',(0.,1.,0.));
#2027=DIRECTION('',(-1.,0.,0.));
#2028=DIRECTION('',(1.,-3.46944695195362E-16,0.));
#2029=DIRECTION('',(3.46944695195362E-16,1.,0.));
#2030=DIRECTION('',(-3.46944695195362E-16,-1.,0.));
#2031=DIRECTION('',(0.,0.,-1.));
#2032=DIRECTION('',(1.,0.,0.));
#2033=DIRECTION('',(0.,0.,-1.));
#2034=DIRECTION('',(-1.,0.,0.));
#2035=DIRECTION('',(0.,0.,-1.));
#2036=DIRECTION('',(-1.,0.,0.));
#2037=DIRECTION('',(0.,0.,1.));
#2038=DIRECTION('',(1.,0.,0.));
#2039=DIRECTION('',(0.,0.,1.));
#2040=DIRECTION('',(1.,0.,0.));
#2041=DIRECTION('',(0.,0.,1.));
#2042=DIRECTION('',(1.,0.,0.));
#2043=DIRECTION('',(0.,0.,1.));
#2044=DIRECTION('',(1.,0.,0.));
#2045=DIRECTION('',(0.,0.,-1.));
#2046=DIRECTION('',(-1.,0.,0.));
#2047=DIRECTION('',(1.,1.23908819712629E-16,0.));
#2048=DIRECTION('',(-1.23908819712629E-16,1.,0.));
#2049=DIRECTION('',(0.,0.,1.));
#2050=DIRECTION('',(-1.7347234759768E-16,1.,0.));
#2051=DIRECTION('',(-1.,-1.7347234759768E-16,0.));
#2052=DIRECTION('',(0.,0.,1.));
#2053=DIRECTION('',(1.,1.23908819712629E-16,0.));
#2054=DIRECTION('',(-1.23908819712629E-16,1.,0.));
#2055=DIRECTION('',(0.334822980318698,0.079627726746819,0.938910537263076));
#2056=DIRECTION('',(0.942281047167195,-0.0282943107743964,-0.333625328965439));
#2057=DIRECTION('',(0.,1.,0.));
#2058=DIRECTION('',(0.,0.,1.));
#2059=DIRECTION('',(0.,-1.,0.));
#2060=DIRECTION('',(0.,0.,-1.));
#2061=DIRECTION('',(0.,-1.,0.));
#2062=DIRECTION('',(0.,0.,-1.));
#2063=DIRECTION('',(0.,1.,0.));
#2064=DIRECTION('',(0.,1.,0.));
#2065=DIRECTION('',(0.,0.,1.));
#2066=DIRECTION('',(0.,-1.,0.));
#2067=DIRECTION('',(0.,0.,-1.));
#2068=DIRECTION('',(0.,1.,0.));
#2069=DIRECTION('',(0.,-1.,0.));
#2070=DIRECTION('',(0.,0.,-1.));
#2071=DIRECTION('',(0.,-1.,0.));
#2072=DIRECTION('',(1.,0.,0.));
#2073=DIRECTION('',(-1.,0.,0.));
#2074=DIRECTION('',(0.866025403784439,0.,0.5));
#2075=DIRECTION('',(0.,-1.,0.));
#2076=DIRECTION('',(1.,0.,0.));
#2077=DIRECTION('',(-1.,0.,0.));
#2078=DIRECTION('',(0.866025403784439,0.,0.5));
#2079=DIRECTION('',(-0.5,0.,0.866025403784439));
#2080=DIRECTION('',(0.866025403784439,0.,0.5));
#2081=DIRECTION('',(-1.,0.,0.));
#2082=DIRECTION('',(0.,0.,1.));
#2083=DIRECTION('',(1.,0.,0.));
#2084=DIRECTION('',(0.,0.,-1.));
#2085=DIRECTION('',(1.,0.,0.));
#2086=DIRECTION('',(0.,0.,-1.));
#2087=DIRECTION('',(1.,0.,0.));
#2088=DIRECTION('',(0.,1.,0.));
#2089=DIRECTION('',(1.,0.,0.));
#2090=DIRECTION('',(0.,0.,-1.));
#2091=DIRECTION('',(1.,0.,0.));
#2092=DIRECTION('',(0.,1.,0.));
#2093=DIRECTION('',(1.,0.,0.));
#2094=DIRECTION('',(0.,0.,-1.));
#2095=DIRECTION('',(1.,0.,0.));
#2096=DIRECTION('',(0.,0.,-1.));
#2097=DIRECTION('',(-1.290456126946E-15,0.0845052832020814,0.996423031202579));
#2098=DIRECTION('',(1.,1.77762163605265E-16,1.28001285099623E-15));
#2099=CARTESIAN_POINT('',(0.,0.,0.));
#2100=CARTESIAN_POINT('',(-2.68882138776405E-17,-0.0085,0.0825));
#2101=CARTESIAN_POINT('',(-2.68882138776405E-17,-0.0085,0.1125));
#2102=CARTESIAN_POINT('',(0.005,-0.0085,0.1125));
#2103=CARTESIAN_POINT('',(-0.005,-0.0085,0.1125));
#2104=CARTESIAN_POINT('',(-0.005,-0.0085,0.0825));
#2105=CARTESIAN_POINT('',(-0.005,-0.0085,0.0825));
#2106=CARTESIAN_POINT('',(-2.68882138776405E-17,-0.0085,0.0825));
#2107=CARTESIAN_POINT('',(0.005,-0.0085,0.0825));
#2108=CARTESIAN_POINT('',(0.005,-0.0085,0.0825));
#2109=CARTESIAN_POINT('',(0.005,-0.008,0.0825));
#2110=CARTESIAN_POINT('',(0.005,-0.008,0.1125));
#2111=CARTESIAN_POINT('',(0.005,-0.0045,0.1125));
#2112=CARTESIAN_POINT('',(0.005,-0.008,0.0825));
#2113=CARTESIAN_POINT('',(0.005,-0.0045,0.0825));
#2114=CARTESIAN_POINT('',(0.005,-0.0045,0.0825));
#2115=CARTESIAN_POINT('',(-2.77555756156289E-17,-0.0045,0.0825));
#2116=CARTESIAN_POINT('',(-2.77555756156289E-17,-0.0045,0.1125));
#2117=CARTESIAN_POINT('',(-0.005,-0.0045,0.1125));
#2118=CARTESIAN_POINT('',(-2.77555756156289E-17,-0.0045,0.0825));
#2119=CARTESIAN_POINT('',(-0.005,-0.0045,0.0825));
#2120=CARTESIAN_POINT('',(-0.005,-0.0045,0.0825));
#2121=CARTESIAN_POINT('',(-0.005,-0.008,0.0825));
#2122=CARTESIAN_POINT('',(-0.005,-0.008,0.1125));
#2123=CARTESIAN_POINT('',(-0.005,-0.008,0.0825));
#2124=CARTESIAN_POINT('',(-2.77555756156289E-17,-0.0065,0.0825));
#2125=CARTESIAN_POINT('',(-2.77555756156289E-17,-0.0065,0.0825));
#2126=CARTESIAN_POINT('',(0.000999999999999972,-0.0065,0.0825));
#2127=CARTESIAN_POINT('',(-2.77555756156289E-17,-0.0065,0.1125));
#2128=CARTESIAN_POINT('',(-2.77555756156289E-17,-0.0065,0.0225));
#2129=CARTESIAN_POINT('',(-2.77555756156289E-17,-0.0065,0.0225));
#2130=CARTESIAN_POINT('',(0.000999999999999972,-0.0065,0.0225));
#2131=CARTESIAN_POINT('',(-2.68882138776405E-17,-0.005,0.0225));
#2132=CARTESIAN_POINT('',(0.0063376317031134,-0.0159109552557929,0.0141611923075622));
#2133=CARTESIAN_POINT('',(-0.0015,-0.006,0.02));
#2134=CARTESIAN_POINT('',(-0.0015,-0.006,-0.06));
#2135=CARTESIAN_POINT('',(0.,-0.006,-0.06));
#2136=CARTESIAN_POINT('',(-0.003,-0.006,-0.06));
#2137=CARTESIAN_POINT('',(-0.003,-0.006,0.02));
#2138=CARTESIAN_POINT('',(-0.003,-0.006,0.02));
#2139=CARTESIAN_POINT('',(-0.0015,-0.006,0.02));
#2140=CARTESIAN_POINT('',(0.,-0.006,0.02));
#2141=CARTESIAN_POINT('',(0.,-0.006,0.02));
#2142=CARTESIAN_POINT('',(-0.003,-0.0055,0.02));
#2143=CARTESIAN_POINT('',(-0.003,-0.0055,-0.06));
#2144=CARTESIAN_POINT('',(-0.003,-0.005,-0.06));
#2145=CARTESIAN_POINT('',(-0.003,-0.005,0.02));
#2146=CARTESIAN_POINT('',(-0.003,-0.005,0.02));
#2147=CARTESIAN_POINT('',(-0.003,-0.0055,0.02));
#2148=CARTESIAN_POINT('',(-0.0045,-0.005,0.02));
#2149=CARTESIAN_POINT('',(-0.0045,-0.005,-0.06));
#2150=CARTESIAN_POINT('',(-0.006,-0.005,-0.06));
#2151=CARTESIAN_POINT('',(-0.006,-0.005,0.02));
#2152=CARTESIAN_POINT('',(-0.006,-0.005,0.02));
#2153=CARTESIAN_POINT('',(-0.0045,-0.005,0.02));
#2154=CARTESIAN_POINT('',(-0.006,-0.0075,0.02));
#2155=CARTESIAN_POINT('',(-0.006,-0.0075,-0.06));
#2156=CARTESIAN_POINT('',(-0.006,-0.01,-0.06));
#2157=CARTESIAN_POINT('',(-0.006,-0.01,0.02));
#2158=CARTESIAN_POINT('',(-0.006,-0.01,0.02));
#2159=CARTESIAN_POINT('',(-0.006,-0.0075,0.02));
#2160=CARTESIAN_POINT('',(-0.001,-0.01,0.02));
#2161=CARTESIAN_POINT('',(-0.001,-0.01,-0.06));
#2162=CARTESIAN_POINT('',(0.004,-0.01,-0.06));
#2163=CARTESIAN_POINT('',(0.004,-0.01,0.02));
#2164=CARTESIAN_POINT('',(0.004,-0.01,3.46944695195361E-18));
#2165=CARTESIAN_POINT('',(0.009,-0.01,3.46944695195361E-18));
#2166=CARTESIAN_POINT('',(0.014,-0.01,3.46944695195361E-18));
#2167=CARTESIAN_POINT('',(0.014,-0.01,0.0025));
#2168=CARTESIAN_POINT('',(0.014,-0.01,0.005));
#2169=CARTESIAN_POINT('',(0.0125,-0.01,0.005));
#2170=CARTESIAN_POINT('',(0.011,-0.01,0.005));
#2171=CARTESIAN_POINT('',(0.011,-0.01,0.0045));
#2172=CARTESIAN_POINT('',(0.011,-0.01,0.004));
#2173=CARTESIAN_POINT('',(0.0095,-0.01,0.004));
#2174=CARTESIAN_POINT('',(0.008,-0.01,0.004));
#2175=CARTESIAN_POINT('',(0.008,-0.01,0.01));
#2176=CARTESIAN_POINT('',(0.008,-0.01,0.016));
#2177=CARTESIAN_POINT('',(0.0095,-0.01,0.016));
#2178=CARTESIAN_POINT('',(0.011,-0.01,0.016));
#2179=CARTESIAN_POINT('',(0.011,-0.01,0.0155));
#2180=CARTESIAN_POINT('',(0.011,-0.01,0.015));
#2181=CARTESIAN_POINT('',(0.0125,-0.01,0.015));
#2182=CARTESIAN_POINT('',(0.014,-0.01,0.015));
#2183=CARTESIAN_POINT('',(0.014,-0.01,0.0175));
#2184=CARTESIAN_POINT('',(0.014,-0.01,0.02));
#2185=CARTESIAN_POINT('',(-0.001,-0.01,0.02));
#2186=CARTESIAN_POINT('',(0.004,-0.005,0.02));
#2187=CARTESIAN_POINT('',(0.004,0.01,0.02));
#2188=CARTESIAN_POINT('',(0.004,0.01,3.46944695195361E-18));
#2189=CARTESIAN_POINT('',(0.004,0.01,-0.06));
#2190=CARTESIAN_POINT('',(0.004,0.01,3.46944695195361E-18));
#2191=CARTESIAN_POINT('',(0.004,-0.005,-0.06));
#2192=CARTESIAN_POINT('',(-0.001,0.01,0.02));
#2193=CARTESIAN_POINT('',(-0.001,0.01,-0.06));
#2194=CARTESIAN_POINT('',(-0.006,0.01,-0.06));
#2195=CARTESIAN_POINT('',(-0.006,0.01,0.02));
#2196=CARTESIAN_POINT('',(-0.006,0.01,0.02));
#2197=CARTESIAN_POINT('',(-0.001,0.01,0.02));
#2198=CARTESIAN_POINT('',(0.014,0.01,0.02));
#2199=CARTESIAN_POINT('',(0.014,0.01,0.0175));
#2200=CARTESIAN_POINT('',(0.014,0.01,0.015));
#2201=CARTESIAN_POINT('',(0.0125,0.01,0.015));
#2202=CARTESIAN_POINT('',(0.011,0.01,0.015));
#2203=CARTESIAN_POINT('',(0.011,0.01,0.0155));
#2204=CARTESIAN_POINT('',(0.011,0.01,0.016));
#2205=CARTESIAN_POINT('',(0.0095,0.01,0.016));
#2206=CARTESIAN_POINT('',(0.008,0.01,0.016));
#2207=CARTESIAN_POINT('',(0.008,0.01,0.01));
#2208=CARTESIAN_POINT('',(0.008,0.01,0.004));
#2209=CARTESIAN_POINT('',(0.0095,0.01,0.004));
#2210=CARTESIAN_POINT('',(0.011,0.01,0.004));
#2211=CARTESIAN_POINT('',(0.011,0.01,0.0045));
#2212=CARTESIAN_POINT('',(0.011,0.01,0.005));
#2213=CARTESIAN_POINT('',(0.0125,0.01,0.005));
#2214=CARTESIAN_POINT('',(0.014,0.01,0.005));
#2215=CARTESIAN_POINT('',(0.014,0.01,0.0025));
#2216=CARTESIAN_POINT('',(0.014,0.01,3.46944695195361E-18));
#2217=CARTESIAN_POINT('',(0.009,0.01,3.46944695195361E-18));
#2218=CARTESIAN_POINT('',(-0.006,0.0075,0.02));
#2219=CARTESIAN_POINT('',(-0.006,0.0075,-0.06));
#2220=CARTESIAN_POINT('',(-0.006,0.005,-0.06));
#2221=CARTESIAN_POINT('',(-0.006,0.005,0.02));
#2222=CARTESIAN_POINT('',(-0.006,0.005,0.02));
#2223=CARTESIAN_POINT('',(-0.006,0.0075,0.02));
#2224=CARTESIAN_POINT('',(-0.0045,0.005,0.02));
#2225=CARTESIAN_POINT('',(-0.0045,0.005,-0.06));
#2226=CARTESIAN_POINT('',(-0.003,0.005,-0.06));
#2227=CARTESIAN_POINT('',(-0.003,0.005,0.02));
#2228=CARTESIAN_POINT('',(-0.003,0.005,0.02));
#2229=CARTESIAN_POINT('',(-0.0045,0.005,0.02));
#2230=CARTESIAN_POINT('',(-0.003,0.0055,0.02));
#2231=CARTESIAN_POINT('',(-0.003,0.0055,-0.06));
#2232=CARTESIAN_POINT('',(-0.003,0.006,-0.06));
#2233=CARTESIAN_POINT('',(-0.003,0.006,0.02));
#2234=CARTESIAN_POINT('',(-0.003,0.006,0.02));
#2235=CARTESIAN_POINT('',(-0.003,0.0055,0.02));
#2236=CARTESIAN_POINT('',(-0.0015,0.006,0.02));
#2237=CARTESIAN_POINT('',(-0.0015,0.006,-0.06));
#2238=CARTESIAN_POINT('',(0.,0.006,-0.06));
#2239=CARTESIAN_POINT('',(0.,0.006,0.02));
#2240=CARTESIAN_POINT('',(0.,0.006,0.02));
#2241=CARTESIAN_POINT('',(-0.0015,0.006,0.02));
#2242=CARTESIAN_POINT('',(0.,0.,0.02));
#2243=CARTESIAN_POINT('',(0.,0.,-0.06));
#2244=CARTESIAN_POINT('',(0.,0.,0.02));
#2245=CARTESIAN_POINT('',(-0.001,0.,0.02));
#2246=CARTESIAN_POINT('',(0.014,0.01,0.02));
#2247=CARTESIAN_POINT('',(-0.001,0.,-0.06));
#2248=CARTESIAN_POINT('',(0.009,0.01,3.46944695195361E-18));
#2249=CARTESIAN_POINT('',(0.014,0.01,3.46944695195361E-18));
#2250=CARTESIAN_POINT('',(0.014,0.01,0.0025));
#2251=CARTESIAN_POINT('',(0.014,0.01,0.005));
#2252=CARTESIAN_POINT('',(0.0125,0.01,0.005));
#2253=CARTESIAN_POINT('',(0.011,0.01,0.005));
#2254=CARTESIAN_POINT('',(0.011,0.01,0.0045));
#2255=CARTESIAN_POINT('',(0.011,0.01,0.004));
#2256=CARTESIAN_POINT('',(0.0095,0.01,0.004));
#2257=CARTESIAN_POINT('',(0.008,0.01,0.004));
#2258=CARTESIAN_POINT('',(0.008,0.01,0.01));
#2259=CARTESIAN_POINT('',(0.008,0.01,0.016));
#2260=CARTESIAN_POINT('',(0.0095,0.01,0.016));
#2261=CARTESIAN_POINT('',(0.011,0.01,0.016));
#2262=CARTESIAN_POINT('',(0.011,0.01,0.0155));
#2263=CARTESIAN_POINT('',(0.011,0.01,0.015));
#2264=CARTESIAN_POINT('',(0.0125,0.01,0.015));
#2265=CARTESIAN_POINT('',(0.014,0.01,0.015));
#2266=CARTESIAN_POINT('',(0.014,0.01,0.0175));
#2267=CARTESIAN_POINT('',(-0.0504583921922417,-0.0135826815789347,0.0332205546284595));
#2268=CARTESIAN_POINT('',(0.0385,-0.06,0.006));
#2269=CARTESIAN_POINT('',(0.0385,0.025,0.006));
#2270=CARTESIAN_POINT('',(0.037,0.025,0.006));
#2271=CARTESIAN_POINT('',(0.04,0.025,0.006));
#2272=CARTESIAN_POINT('',(0.037,-0.06,0.006));
#2273=CARTESIAN_POINT('',(0.037,-0.06,0.006));
#2274=CARTESIAN_POINT('',(0.0385,-0.06,0.006));
#2275=CARTESIAN_POINT('',(0.04,-0.06,0.006));
#2276=CARTESIAN_POINT('',(0.04,-0.06,0.006));
#2277=CARTESIAN_POINT('',(0.037,-0.06,0.));
#2278=CARTESIAN_POINT('',(0.037,0.025,0.));
#2279=CARTESIAN_POINT('',(0.037,0.025,-0.006));
#2280=CARTESIAN_POINT('',(0.037,-0.06,-0.006));
#2281=CARTESIAN_POINT('',(0.037,-0.06,-0.006));
#2282=CARTESIAN_POINT('',(0.037,-0.06,0.));
#2283=CARTESIAN_POINT('',(0.0385,-0.06,-0.006));
#2284=CARTESIAN_POINT('',(0.0385,0.025,-0.006));
#2285=CARTESIAN_POINT('',(0.04,0.025,-0.006));
#2286=CARTESIAN_POINT('',(0.04,-0.06,-0.006));
#2287=CARTESIAN_POINT('',(0.04,-0.06,-0.006));
#2288=CARTESIAN_POINT('',(0.0385,-0.06,-0.006));
#2289=CARTESIAN_POINT('',(0.04,-0.06,-0.0055));
#2290=CARTESIAN_POINT('',(0.04,0.025,-0.0055));
#2291=CARTESIAN_POINT('',(0.04,0.025,-0.005));
#2292=CARTESIAN_POINT('',(0.04,-0.06,-0.005));
#2293=CARTESIAN_POINT('',(0.04,-0.06,-0.005));
#2294=CARTESIAN_POINT('',(0.04,-0.06,-0.0055));
#2295=CARTESIAN_POINT('',(0.0415,-0.06,-0.005));
#2296=CARTESIAN_POINT('',(0.0415,0.025,-0.005));
#2297=CARTESIAN_POINT('',(0.043,0.025,-0.005));
#2298=CARTESIAN_POINT('',(0.043,-0.06,-0.005));
#2299=CARTESIAN_POINT('',(0.043,-0.06,-0.005));
#2300=CARTESIAN_POINT('',(0.0415,-0.06,-0.005));
#2301=CARTESIAN_POINT('',(0.043,-0.06,-0.0075));
#2302=CARTESIAN_POINT('',(0.043,0.025,-0.0075));
#2303=CARTESIAN_POINT('',(0.043,0.025,-0.01));
#2304=CARTESIAN_POINT('',(0.043,-0.06,-0.01));
#2305=CARTESIAN_POINT('',(0.043,-0.06,-0.01));
#2306=CARTESIAN_POINT('',(0.043,-0.06,-0.0075));
#2307=CARTESIAN_POINT('',(0.045,-0.06,-0.01));
#2308=CARTESIAN_POINT('',(0.045,0.025,-0.01));
#2309=CARTESIAN_POINT('',(0.047,0.025,-0.01));
#2310=CARTESIAN_POINT('',(0.047,-0.06,-0.01));
#2311=CARTESIAN_POINT('',(0.047,-0.06,-0.01));
#2312=CARTESIAN_POINT('',(0.045,-0.06,-0.01));
#2313=CARTESIAN_POINT('',(0.047,-0.06,0.));
#2314=CARTESIAN_POINT('',(0.047,0.025,0.));
#2315=CARTESIAN_POINT('',(0.047,0.025,0.01));
#2316=CARTESIAN_POINT('',(0.047,-0.06,0.01));
#2317=CARTESIAN_POINT('',(0.047,-0.06,0.01));
#2318=CARTESIAN_POINT('',(0.047,-0.06,0.));
#2319=CARTESIAN_POINT('',(0.045,-0.06,0.01));
#2320=CARTESIAN_POINT('',(0.045,0.025,0.01));
#2321=CARTESIAN_POINT('',(0.043,0.025,0.01));
#2322=CARTESIAN_POINT('',(0.043,-0.06,0.01));
#2323=CARTESIAN_POINT('',(0.043,-0.06,0.01));
#2324=CARTESIAN_POINT('',(0.045,-0.06,0.01));
#2325=CARTESIAN_POINT('',(0.043,-0.06,0.0075));
#2326=CARTESIAN_POINT('',(0.043,0.025,0.0075));
#2327=CARTESIAN_POINT('',(0.043,0.025,0.005));
#2328=CARTESIAN_POINT('',(0.043,-0.06,0.005));
#2329=CARTESIAN_POINT('',(0.043,-0.06,0.005));
#2330=CARTESIAN_POINT('',(0.043,-0.06,0.0075));
#2331=CARTESIAN_POINT('',(0.0415,-0.06,0.005));
#2332=CARTESIAN_POINT('',(0.0415,0.025,0.005));
#2333=CARTESIAN_POINT('',(0.04,0.025,0.005));
#2334=CARTESIAN_POINT('',(0.04,-0.06,0.005));
#2335=CARTESIAN_POINT('',(0.04,-0.06,0.005));
#2336=CARTESIAN_POINT('',(0.0415,-0.06,0.005));
#2337=CARTESIAN_POINT('',(0.04,-0.06,0.0055));
#2338=CARTESIAN_POINT('',(0.04,0.025,0.0055));
#2339=CARTESIAN_POINT('',(0.04,-0.06,0.0055));
#2340=CARTESIAN_POINT('',(0.042,-0.06,0.));
#2341=CARTESIAN_POINT('',(0.042,0.025,0.));
#2342=CARTESIAN_POINT('',(-0.0794583921922417,-0.0285826815789347,0.0432205546284595));
#2343=CARTESIAN_POINT('',(-0.1525,0.,6.12323399573677E-19));
#2344=CARTESIAN_POINT('',(-0.1525,0.,6.12323399573677E-19));
#2345=CARTESIAN_POINT('',(-0.1525,0.,-0.01));
#2346=CARTESIAN_POINT('',(-0.0675,0.,6.12323399573677E-19));
#2347=CARTESIAN_POINT('',(-0.0675,0.,-0.01));
#2348=CARTESIAN_POINT('',(-0.1525,0.,0.));
#2349=CARTESIAN_POINT('',(-0.0675,0.,0.));
#2350=CARTESIAN_POINT('',(-0.0675,0.,3.06161699786838E-19));
#2351=CARTESIAN_POINT('',(-0.0675,0.,-0.005));
#2352=CARTESIAN_POINT('',(-0.0645,0.,3.06161699786838E-19));
#2353=CARTESIAN_POINT('',(-0.0645,0.,3.06161699786838E-19));
#2354=CARTESIAN_POINT('',(-0.0645,0.,-0.005));
#2355=CARTESIAN_POINT('',(-0.0615,8.67361737988404E-19,-0.006));
#2356=CARTESIAN_POINT('',(-0.0645,8.67361737988404E-19,-0.006));
#2357=CARTESIAN_POINT('',(-0.0645,0.006,-0.006));
#2358=CARTESIAN_POINT('',(-0.0645,-0.006,-0.006));
#2359=CARTESIAN_POINT('',(-0.0615,0.006,-0.006));
#2360=CARTESIAN_POINT('',(-0.0615,0.006,-0.006));
#2361=CARTESIAN_POINT('',(-0.0615,8.67361737988404E-19,-0.006));
#2362=CARTESIAN_POINT('',(-0.0615,-0.006,-0.006));
#2363=CARTESIAN_POINT('',(-0.0615,-0.006,-0.006));
#2364=CARTESIAN_POINT('',(-0.0615,0.006,2.60208521396521E-18));
#2365=CARTESIAN_POINT('',(-0.0645,0.006,2.60208521396521E-18));
#2366=CARTESIAN_POINT('',(-0.0645,0.006,0.006));
#2367=CARTESIAN_POINT('',(-0.0615,0.006,0.006));
#2368=CARTESIAN_POINT('',(-0.0615,0.006,0.006));
#2369=CARTESIAN_POINT('',(-0.0615,0.006,2.60208521396521E-18));
#2370=CARTESIAN_POINT('',(-0.0615,8.67361737988404E-19,0.006));
#2371=CARTESIAN_POINT('',(-0.0645,8.67361737988404E-19,0.006));
#2372=CARTESIAN_POINT('',(-0.0645,-0.006,0.006));
#2373=CARTESIAN_POINT('',(-0.0615,-0.006,0.006));
#2374=CARTESIAN_POINT('',(-0.0615,-0.006,0.006));
#2375=CARTESIAN_POINT('',(-0.0615,8.67361737988404E-19,0.006));
#2376=CARTESIAN_POINT('',(-0.0615,-0.006,8.67361737988404E-19));
#2377=CARTESIAN_POINT('',(-0.0645,-0.006,8.67361737988404E-19));
#2378=CARTESIAN_POINT('',(-0.0615,-0.006,8.67361737988404E-19));
#2379=CARTESIAN_POINT('',(-0.0615,1.7347234759768E-18,1.7347234759768E-18));
#2380=CARTESIAN_POINT('',(-0.0645,1.7347234759768E-18,1.7347234759768E-18));
#2381=CARTESIAN_POINT('',(0.0110416078077582,-0.0135826815789347,0.0416144523483139));
#2382=CARTESIAN_POINT('',(-2.77555756156289E-17,-0.0115,0.1125));
#2383=CARTESIAN_POINT('',(0.005,-0.008,0.1125));
#2384=CARTESIAN_POINT('',(0.005,-0.0115,0.1125));
#2385=CARTESIAN_POINT('',(0.005,-0.0045,0.1125));
#2386=CARTESIAN_POINT('',(-2.77555756156289E-17,-0.0115,0.1125));
#2387=CARTESIAN_POINT('',(0.01,-0.0115,0.1125));
#2388=CARTESIAN_POINT('',(0.01,-0.0115,0.1125));
#2389=CARTESIAN_POINT('',(0.01,-0.0015,0.1125));
#2390=CARTESIAN_POINT('',(-2.77555756156289E-17,-0.0015,0.1125));
#2391=CARTESIAN_POINT('',(-0.01,-0.0015,0.1125));
#2392=CARTESIAN_POINT('',(-0.01,-0.0115,0.1125));
#2393=CARTESIAN_POINT('',(-0.01,-0.0115,0.1125));
#2394=CARTESIAN_POINT('',(-2.77555756156289E-17,-0.0115,0.1125));
#2395=CARTESIAN_POINT('',(-0.005,-0.0115,0.1125));
#2396=CARTESIAN_POINT('',(-0.005,-0.008,0.1125));
#2397=CARTESIAN_POINT('',(-0.005,-0.0045,0.1125));
#2398=CARTESIAN_POINT('',(-2.77555756156289E-17,-0.0045,0.1125));
#2399=CARTESIAN_POINT('',(-0.00613871868618132,-0.0115,0.0637124057782997));
#2400=CARTESIAN_POINT('',(-2.42861286636753E-17,-0.0115,0.0675));
#2401=CARTESIAN_POINT('',(-0.005,-0.0115,0.0675));
#2402=CARTESIAN_POINT('',(-0.01,-0.0115,0.0675));
#2403=CARTESIAN_POINT('',(-0.005,-0.0115,0.0625));
#2404=CARTESIAN_POINT('',(-0.01,-0.0115,0.09));
#2405=CARTESIAN_POINT('',(-0.00613871868618132,-0.0015,0.0637124057782997));
#2406=CARTESIAN_POINT('',(-2.42861286636753E-17,-0.0015,0.0475));
#2407=CARTESIAN_POINT('',(0.01,-0.0015,0.0475));
#2408=CARTESIAN_POINT('',(-2.25514051876985E-17,-0.0015,0.0475));
#2409=CARTESIAN_POINT('',(-2.25514051876985E-17,-0.0015,0.0505));
#2410=CARTESIAN_POINT('',(-2.25514051876985E-17,-0.0015,0.0505));
#2411=CARTESIAN_POINT('',(-0.005,-0.0015,0.0505));
#2412=CARTESIAN_POINT('',(0.007,-0.0015,0.0505));
#2413=CARTESIAN_POINT('',(0.007,-0.0015,0.0475));
#2414=CARTESIAN_POINT('',(0.007,-0.0015,0.0675));
#2415=CARTESIAN_POINT('',(-2.42861286636753E-17,-0.0015,0.0675));
#2416=CARTESIAN_POINT('',(-0.01,-0.0015,0.0675));
#2417=CARTESIAN_POINT('',(-0.01,-0.0015,0.09));
#2418=CARTESIAN_POINT('',(-0.01,-0.0015,0.099498743710662));
#2419=CARTESIAN_POINT('',(-1.12757025938492E-17,-0.0015,2.83800760669806E-15));
#2420=CARTESIAN_POINT('',(0.01,-0.0015,0.099498743710662));
#2421=CARTESIAN_POINT('',(0.01,-0.0015,0.09));
#2422=CARTESIAN_POINT('',(0.01,-0.0115,0.09));
#2423=CARTESIAN_POINT('',(0.01,-0.0015,0.09));
#2424=CARTESIAN_POINT('',(0.01,-0.0015,0.10351811435686));
#2425=CARTESIAN_POINT('',(0.01,-0.0115,0.09));
#2426=CARTESIAN_POINT('',(0.01,-0.0115,0.0475));
#2427=CARTESIAN_POINT('',(0.01,-0.0115,0.0475));
#2428=CARTESIAN_POINT('',(0.01,0.0015,0.099498743710662));
#2429=CARTESIAN_POINT('',(0.01,0.0015,0.099498743710662));
#2430=CARTESIAN_POINT('',(0.01,0.0015,0.09));
#2431=CARTESIAN_POINT('',(0.01,0.0015,0.10351811435686));
#2432=CARTESIAN_POINT('',(0.01,0.0015,0.10351811435686));
#2433=CARTESIAN_POINT('',(-0.01,-0.0115,0.09));
#2434=CARTESIAN_POINT('',(-0.01,-0.0015,0.09));
#2435=CARTESIAN_POINT('',(-0.01,-0.0015,0.10351811435686));
#2436=CARTESIAN_POINT('',(-0.01,0.0015,0.10351811435686));
#2437=CARTESIAN_POINT('',(-0.01,0.0015,0.10351811435686));
#2438=CARTESIAN_POINT('',(-0.01,0.0015,0.09));
#2439=CARTESIAN_POINT('',(-0.01,0.0015,0.099498743710662));
#2440=CARTESIAN_POINT('',(-0.01,0.0015,0.099498743710662));
#2441=CARTESIAN_POINT('',(-0.01,-0.0115,0.0675));
#2442=CARTESIAN_POINT('',(-2.42861286636753E-17,-0.0115,0.0675));
#2443=CARTESIAN_POINT('',(0.005,-0.0115,0.0675));
#2444=CARTESIAN_POINT('',(0.005,-0.0045,0.0675));
#2445=CARTESIAN_POINT('',(0.005,-0.0115,0.0675));
#2446=CARTESIAN_POINT('',(-2.5500435096859E-17,-0.0045,0.0675));
#2447=CARTESIAN_POINT('',(-0.005,-0.0045,0.0675));
#2448=CARTESIAN_POINT('',(-0.005,-0.0115,0.0675));
#2449=CARTESIAN_POINT('',(0.007,-0.0065,0.0675));
#2450=CARTESIAN_POINT('',(0.007,-0.0115,0.0675));
#2451=CARTESIAN_POINT('',(-2.42861286636753E-17,-0.0115,0.0675));
#2452=CARTESIAN_POINT('',(-0.00613871868618132,-0.0115,0.0637124057782997));
#2453=CARTESIAN_POINT('',(0.005,-0.0115,0.0625));
#2454=CARTESIAN_POINT('',(0.007,-0.0115,0.0475));
#2455=CARTESIAN_POINT('',(0.007,-0.0115,0.0505));
#2456=CARTESIAN_POINT('',(-0.005,-0.0115,0.0505));
#2457=CARTESIAN_POINT('',(-2.25514051876985E-17,-0.0115,0.0505));
#2458=CARTESIAN_POINT('',(-2.25514051876985E-17,-0.0115,0.0637124057782997));
#2459=CARTESIAN_POINT('',(-2.25514051876985E-17,-0.0115,0.0475));
#2460=CARTESIAN_POINT('',(-2.42861286636753E-17,-0.0115,0.0475));
#2461=CARTESIAN_POINT('',(-0.00613871868618132,-0.0015,0.0637124057782997));
#2462=CARTESIAN_POINT('',(5.72458747072346E-17,-0.0015,-6.93889390390723E-17));
#2463=CARTESIAN_POINT('',(5.72458747072346E-17,0.0015,-6.93889390390723E-17));
#2464=CARTESIAN_POINT('',(5.72458747072346E-17,0.0015,-6.93889390390723E-17));
#2465=CARTESIAN_POINT('',(-1.12757025938492E-17,0.0015,2.83800760669806E-15));
#2466=CARTESIAN_POINT('',(-1.12757025938492E-17,0.0015,2.83800760669806E-15));
#2467=CARTESIAN_POINT('',(-3.46944695195361E-17,0.0015,0.09));
#2468=CARTESIAN_POINT('',(0.007,-0.0065,0.0475));
#2469=CARTESIAN_POINT('',(0.007,-0.0065,0.0505));
#2470=CARTESIAN_POINT('',(-2.42861286636753E-17,-0.0065,0.0475));
#2471=CARTESIAN_POINT('',(-2.25514051876985E-17,-0.0065,0.0475));
#2472=CARTESIAN_POINT('',(-0.00250000000000002,-0.0065,0.0475));
#2473=CARTESIAN_POINT('',(-2.25514051876985E-17,-0.0065,0.0475));
#2474=CARTESIAN_POINT('',(-0.005,-0.0065,0.0505));
#2475=CARTESIAN_POINT('',(-2.25514051876985E-17,-0.0065,0.0505));
#2476=CARTESIAN_POINT('',(0.00249999999999998,-0.0065,0.0505));
#2477=CARTESIAN_POINT('',(-2.25514051876985E-17,-0.0065,0.0505));
#2478=CARTESIAN_POINT('',(-2.25514051876985E-17,-0.0065,0.0575));
#2479=CARTESIAN_POINT('',(-2.25514051876985E-17,-0.0065,0.0625));
#2480=CARTESIAN_POINT('',(0.005,-0.008,0.0625));
#2481=CARTESIAN_POINT('',(0.005,-0.0045,0.0625));
#2482=CARTESIAN_POINT('',(-2.77555756156289E-17,-0.0045,0.0625));
#2483=CARTESIAN_POINT('',(-0.005,-0.0045,0.0625));
#2484=CARTESIAN_POINT('',(-0.005,-0.008,0.0625));
#2485=CARTESIAN_POINT('',(0.0161276830248306,-0.0135826815789352,0.0416144523483078));
#2486=CARTESIAN_POINT('',(-9.71445146547012E-17,-0.0015,-3.17775421774642E-17));
#2487=CARTESIAN_POINT('',(-9.71445146547012E-17,-0.0015,-3.17775421774642E-17));
#2488=CARTESIAN_POINT('',(0.0692820323027551,-0.0015,0.04));
#2489=CARTESIAN_POINT('',(-0.078595483330787,-0.0015,0.0149248115565993));
#2490=CARTESIAN_POINT('',(-0.078595483330787,-0.0015,0.0149248115565993));
#2491=CARTESIAN_POINT('',(-0.0785763982646174,-0.0005,0.0150253153381252));
#2492=CARTESIAN_POINT('',(-0.0785763982646174,0.0005,0.0150253153381252));
#2493=CARTESIAN_POINT('',(-0.078595483330787,0.0015,0.0149248115565993));
#2494=CARTESIAN_POINT('',(-0.078595483330787,0.0015,0.0149248115565993));
#2495=CARTESIAN_POINT('',(-9.71445146547012E-17,0.0015,-3.17775421774642E-17));
#2496=CARTESIAN_POINT('',(0.0692820323027551,0.0015,0.04));
#2497=CARTESIAN_POINT('',(0.0692820323027551,-0.0015,0.04));
#2498=CARTESIAN_POINT('',(5.55111512312578E-17,-0.0015,1.45499149970801E-17));
#2499=CARTESIAN_POINT('',(-0.0988799777508065,-0.0015,0.0149248115565993));
#2500=CARTESIAN_POINT('',(-0.0988648078444805,-0.0005,0.0150253153381252));
#2501=CARTESIAN_POINT('',(-0.0988648078444805,0.0005,0.0150253153381252));
#2502=CARTESIAN_POINT('',(-0.0988799777508065,0.0015,0.0149248115565993));
#2503=CARTESIAN_POINT('',(-0.0988799777508065,-0.0015,0.0149248115565993));
#2504=CARTESIAN_POINT('',(-0.0988799777508065,0.0015,0.0149248115565993));
#2505=CARTESIAN_POINT('',(5.55111512312578E-17,-0.0015,1.45499149970801E-17));
#2506=CARTESIAN_POINT('',(0.0866025403784439,-0.0015,0.05));
#2507=CARTESIAN_POINT('',(0.0866025403784439,-0.0015,0.05));
#2508=CARTESIAN_POINT('',(0.0866025403784439,0.0015,0.05));
#2509=CARTESIAN_POINT('',(5.55111512312578E-17,0.0015,1.45499149970801E-17));
#2510=CARTESIAN_POINT('',(0.,-0.0015,0.));
#2511=CARTESIAN_POINT('',(-0.0775,-0.0015,0.0149248115565993));
#2512=CARTESIAN_POINT('',(0.0779422863405995,-0.0015,0.045));
#2513=CARTESIAN_POINT('',(0.,0.0015,0.));
#2514=CARTESIAN_POINT('',(-0.0775,0.0015,0.0149248115565993));
#2515=CARTESIAN_POINT('',(0.0779422863405995,0.0015,0.045));
#2516=CARTESIAN_POINT('',(0.0779422863405995,-0.0015,0.045));
#2517=CARTESIAN_POINT('',(-0.0775,0.,9.18485099360515E-19));
#2518=CARTESIAN_POINT('',(-0.0775,0.,9.18485099360515E-19));
#2519=CARTESIAN_POINT('',(-0.0775,0.,-0.015));
#2520=CARTESIAN_POINT('',(-0.1025,0.,9.18485099360515E-19));
#2521=CARTESIAN_POINT('',(-0.1025,0.,-0.015));
#2522=CARTESIAN_POINT('',(-0.0775,0.,0.));
#2523=CARTESIAN_POINT('',(-0.0775,0.,6.12323399573677E-19));
#2524=CARTESIAN_POINT('',(-0.0775,0.,-0.01));
#2525=CARTESIAN_POINT('',(-0.1025,0.,0.));
#2526=CARTESIAN_POINT('',(-0.1025,0.,6.12323399573677E-19));
#2527=CARTESIAN_POINT('',(-0.1025,0.,-0.01));
#2528=CARTESIAN_POINT('',(-0.115,0.,6.12323399573677E-19));
#2529=CARTESIAN_POINT('',(0.0161276830248287,-0.0135826815789347,0.041614452348314));
#2530=MECHANICAL_DESIGN_GEOMETRIC_PRESENTATION_REPRESENTATION('',(#1518,
#1519,#1520,#1521,#1522,#1523),#2531);
#2531=(
GEOMETRIC_REPRESENTATION_CONTEXT(3)
GLOBAL_UNCERTAINTY_ASSIGNED_CONTEXT((#2538))
GLOBAL_UNIT_ASSIGNED_CONTEXT((#2547,#2546,#2545))
REPRESENTATION_CONTEXT('craniotomy_simulator','TOP_LEVEL_ASSEMBLY_PART')
);
#2532=(
GEOMETRIC_REPRESENTATION_CONTEXT(3)
GLOBAL_UNCERTAINTY_ASSIGNED_CONTEXT((#2539))
GLOBAL_UNIT_ASSIGNED_CONTEXT((#2547,#2546,#2545))
REPRESENTATION_CONTEXT('Part 6','COMPONENT_PART')
);
#2533=(
GEOMETRIC_REPRESENTATION_CONTEXT(3)
GLOBAL_UNCERTAINTY_ASSIGNED_CONTEXT((#2540))
GLOBAL_UNIT_ASSIGNED_CONTEXT((#2547,#2546,#2545))
REPRESENTATION_CONTEXT('Part 3','COMPONENT_PART')
);
#2534=(
GEOMETRIC_REPRESENTATION_CONTEXT(3)
GLOBAL_UNCERTAINTY_ASSIGNED_CONTEXT((#2541))
GLOBAL_UNIT_ASSIGNED_CONTEXT((#2547,#2546,#2545))
REPRESENTATION_CONTEXT('Part 4','COMPONENT_PART')
);
#2535=(
GEOMETRIC_REPRESENTATION_CONTEXT(3)
GLOBAL_UNCERTAINTY_ASSIGNED_CONTEXT((#2542))
GLOBAL_UNIT_ASSIGNED_CONTEXT((#2547,#2546,#2545))
REPRESENTATION_CONTEXT('Part 2','COMPONENT_PART')
);
#2536=(
GEOMETRIC_REPRESENTATION_CONTEXT(3)
GLOBAL_UNCERTAINTY_ASSIGNED_CONTEXT((#2543))
GLOBAL_UNIT_ASSIGNED_CONTEXT((#2547,#2546,#2545))
REPRESENTATION_CONTEXT('Part 5','COMPONENT_PART')
);
#2537=(
GEOMETRIC_REPRESENTATION_CONTEXT(3)
GLOBAL_UNCERTAINTY_ASSIGNED_CONTEXT((#2544))
GLOBAL_UNIT_ASSIGNED_CONTEXT((#2547,#2546,#2545))
REPRESENTATION_CONTEXT('Part 1','COMPONENT_PART')
);
#2538=UNCERTAINTY_MEASURE_WITH_UNIT(LENGTH_MEASURE(1.E-8),#2547,
'DISTANCE_ACCURACY_VALUE','Maximum Tolerance applied to model');
#2539=UNCERTAINTY_MEASURE_WITH_UNIT(LENGTH_MEASURE(1.E-8),#2547,
'DISTANCE_ACCURACY_VALUE','Maximum Tolerance applied to model');
#2540=UNCERTAINTY_MEASURE_WITH_UNIT(LENGTH_MEASURE(1.E-8),#2547,
'DISTANCE_ACCURACY_VALUE','Maximum Tolerance applied to model');
#2541=UNCERTAINTY_MEASURE_WITH_UNIT(LENGTH_MEASURE(1.E-8),#2547,
'DISTANCE_ACCURACY_VALUE','Maximum Tolerance applied to model');
#2542=UNCERTAINTY_MEASURE_WITH_UNIT(LENGTH_MEASURE(1.E-8),#2547,
'DISTANCE_ACCURACY_VALUE','Maximum Tolerance applied to model');
#2543=UNCERTAINTY_MEASURE_WITH_UNIT(LENGTH_MEASURE(1.E-8),#2547,
'DISTANCE_ACCURACY_VALUE','Maximum Tolerance applied to model');
#2544=UNCERTAINTY_MEASURE_WITH_UNIT(LENGTH_MEASURE(2.E-5),#2547,
'DISTANCE_ACCURACY_VALUE','Maximum Tolerance applied to model');
#2545=(
NAMED_UNIT(*)
SI_UNIT($,.STERADIAN.)
SOLID_ANGLE_UNIT()
);
#2546=(
NAMED_UNIT(*)
PLANE_ANGLE_UNIT()
SI_UNIT($,.RADIAN.)
);
#2547=(
LENGTH_UNIT()
NAMED_UNIT(*)
SI_UNIT($,.METRE.)
);
#2548=PRODUCT_DEFINITION_SHAPE('','',#2561);
#2549=PRODUCT_DEFINITION_SHAPE('','',#2562);
#2550=PRODUCT_DEFINITION_SHAPE(' ','NAUO PRDDFN',#18);
#2551=PRODUCT_DEFINITION_SHAPE('','',#2563);
#2552=PRODUCT_DEFINITION_SHAPE(' ','NAUO PRDDFN',#19);
#2553=PRODUCT_DEFINITION_SHAPE('','',#2564);
#2554=PRODUCT_DEFINITION_SHAPE(' ','NAUO PRDDFN',#20);
#2555=PRODUCT_DEFINITION_SHAPE('','',#2565);
#2556=PRODUCT_DEFINITION_SHAPE(' ','NAUO PRDDFN',#21);
#2557=PRODUCT_DEFINITION_SHAPE('','',#2566);
#2558=PRODUCT_DEFINITION_SHAPE(' ','NAUO PRDDFN',#22);
#2559=PRODUCT_DEFINITION_SHAPE('','',#2567);
#2560=PRODUCT_DEFINITION_SHAPE(' ','NAUO PRDDFN',#23);
#2561=PRODUCT_DEFINITION('','',#2575,#2568);
#2562=PRODUCT_DEFINITION('','',#2576,#2569);
#2563=PRODUCT_DEFINITION('','',#2577,#2570);
#2564=PRODUCT_DEFINITION('','',#2578,#2571);
#2565=PRODUCT_DEFINITION('','',#2579,#2572);
#2566=PRODUCT_DEFINITION('','',#2580,#2573);
#2567=PRODUCT_DEFINITION('','',#2581,#2574);
#2568=PRODUCT_DEFINITION_CONTEXT('',#2611,'design');
#2569=PRODUCT_DEFINITION_CONTEXT('',#2611,'design');
#2570=PRODUCT_DEFINITION_CONTEXT('',#2611,'design');
#2571=PRODUCT_DEFINITION_CONTEXT('',#2611,'design');
#2572=PRODUCT_DEFINITION_CONTEXT('',#2611,'design');
#2573=PRODUCT_DEFINITION_CONTEXT('',#2611,'design');
#2574=PRODUCT_DEFINITION_CONTEXT('',#2611,'design');
#2575=PRODUCT_DEFINITION_FORMATION_WITH_SPECIFIED_SOURCE('','',#2589,
 .NOT_KNOWN.);
#2576=PRODUCT_DEFINITION_FORMATION_WITH_SPECIFIED_SOURCE('','',#2590,
 .NOT_KNOWN.);
#2577=PRODUCT_DEFINITION_FORMATION_WITH_SPECIFIED_SOURCE('','',#2591,
 .NOT_KNOWN.);
#2578=PRODUCT_DEFINITION_FORMATION_WITH_SPECIFIED_SOURCE('','',#2592,
 .NOT_KNOWN.);
#2579=PRODUCT_DEFINITION_FORMATION_WITH_SPECIFIED_SOURCE('','',#2593,
 .NOT_KNOWN.);
#2580=PRODUCT_DEFINITION_FORMATION_WITH_SPECIFIED_SOURCE('','',#2594,
 .NOT_KNOWN.);
#2581=PRODUCT_DEFINITION_FORMATION_WITH_SPECIFIED_SOURCE('','',#2595,
 .NOT_KNOWN.);
#2582=PRODUCT_RELATED_PRODUCT_CATEGORY('','',(#2589));
#2583=PRODUCT_RELATED_PRODUCT_CATEGORY('','',(#2590));
#2584=PRODUCT_RELATED_PRODUCT_CATEGORY('','',(#2591));
#2585=PRODUCT_RELATED_PRODUCT_CATEGORY('','',(#2592));
#2586=PRODUCT_RELATED_PRODUCT_CATEGORY('','',(#2593));
#2587=PRODUCT_RELATED_PRODUCT_CATEGORY('','',(#2594));
#2588=PRODUCT_RELATED_PRODUCT_CATEGORY('','',(#2595));
#2589=PRODUCT('craniotomy_simulator','craniotomy_simulator',
'craniotomy_simulator',(#2603));
#2590=PRODUCT('Part 6','Part 6','Part 6',(#2604));
#2591=PRODUCT('Part 3','Part 3','Part 3',(#2605));
#2592=PRODUCT('Part 4','Part 4','Part 4',(#2606));
#2593=PRODUCT('Part 2','Part 2','Part 2',(#2607));
#2594=PRODUCT('Part 5','Part 5','Part 5',(#2608));
#2595=PRODUCT('Part 1','Part 1','Part 1',(#2609));
#2596=PRODUCT_CATEGORY('','');
#2597=PRODUCT_CATEGORY('','');
#2598=PRODUCT_CATEGORY('','');
#2599=PRODUCT_CATEGORY('','');
#2600=PRODUCT_CATEGORY('','');
#2601=PRODUCT_CATEGORY('','');
#2602=PRODUCT_CATEGORY('','');
#2603=PRODUCT_CONTEXT('',#2611,'mechanical');
#2604=PRODUCT_CONTEXT('',#2611,'mechanical');
#2605=PRODUCT_CONTEXT('',#2611,'mechanical');
#2606=PRODUCT_CONTEXT('',#2611,'mechanical');
#2607=PRODUCT_CONTEXT('',#2611,'mechanical');
#2608=PRODUCT_CONTEXT('',#2611,'mechanical');
#2609=PRODUCT_CONTEXT('',#2611,'mechanical');
#2610=APPLICATION_PROTOCOL_DEFINITION('international standard',
'ap242_managed_model_based_3d_engineering',2020,#2611);
#2611=APPLICATION_CONTEXT('managed model based 3d engineering');
ENDSEC;
END-ISO-10303-21;
